Location,Lat,Lon,Count
"(34.1831, -118.3856)",34.1831,-118.3856,11
"(34.1831, -118.3878)",34.1831,-118.3878,11
"(34.2012, -118.3866)",34.2012,-118.3866,13
"(34.1577, -118.3834)",34.1577,-118.3834,6
"(34.1875, -118.3921)",34.1875,-118.3921,7
"(34.2085, -118.3769)",34.2085,-118.3769,5
"(34.2058, -118.3878)",34.2058,-118.3878,17
"(34.1687, -118.3615)",34.1687,-118.3615,24
"(34.1903, -118.3965)",34.1903,-118.3965,21
"(34.2048, -118.3703)",34.2048,-118.3703,16
"(34.1577, -118.3877)",34.1577,-118.3877,35
"(34.1867, -118.4137)",34.1867,-118.4137,99
"(34.2067, -118.3891)",34.2067,-118.3891,1
"(34.2003, -118.4094)",34.2003,-118.4094,6
"(34.1478, -118.4071)",34.1478,-118.4071,49
"(34.1903, -118.3703)",34.1903,-118.3703,22
"(34.1504, -118.3965)",34.1504,-118.3965,75
"(34.1524, -118.3703)",34.1524,-118.3703,72
"(34.194, -118.3768)",34.194,-118.3768,15
"(34.1776, -118.3823)",34.1776,-118.3823,21
"(34.2012, -118.3801)",34.2012,-118.3801,5
"(34.1594, -118.3965)",34.1594,-118.3965,12
"(34.1436, -118.3953)",34.1436,-118.3953,77
"(34.1618, -118.3704)",34.1618,-118.3704,12
"(34.1284, -118.3568)",34.1284,-118.3568,45
"(34.1387, -118.3934)",34.1387,-118.3934,15
"(34.1397, -118.3817)",34.1397,-118.3817,23
"(34.1577, -118.3615)",34.1577,-118.3615,21
"(34.2067, -118.4025)",34.2067,-118.4025,2
"(34.1959, -118.3921)",34.1959,-118.3921,2
"(34.194, -118.4052)",34.194,-118.4052,86
"(34.2058, -118.3921)",34.2058,-118.3921,9
"(34.1794, -118.3627)",34.1794,-118.3627,5
"(34.1512, -118.3864)",34.1512,-118.3864,8
"(34.1922, -118.3987)",34.1922,-118.3987,3
"(34.1922, -118.4072)",34.1922,-118.4072,2
"(34.1427, -118.4052)",34.1427,-118.4052,17
"(34.1904, -118.367)",34.1904,-118.367,2
"(34.1867, -118.4052)",34.1867,-118.4052,100
"(34.167, -118.3759)",34.167,-118.3759,32
"(34.1867, -118.3779)",34.1867,-118.3779,2
"(34.1419, -118.3741)",34.1419,-118.3741,9
"(34.1649, -118.3615)",34.1649,-118.3615,52
"(34.1493, -118.3527)",34.1493,-118.3527,2
"(34.1867, -118.391)",34.1867,-118.391,11
"(34.194, -118.3976)",34.194,-118.3976,12
"(34.1886, -118.3866)",34.1886,-118.3866,5
"(34.1994, -118.4181)",34.1994,-118.4181,2
"(34.1985, -118.4052)",34.1985,-118.4052,22
"(34.194, -118.4119)",34.194,-118.4119,12
"(34.1872, -118.4094)",34.1872,-118.4094,1
"(34.1577, -118.367)",34.1577,-118.367,4
"(34.1427, -118.3908)",34.1427,-118.3908,38
"(34.1722, -118.3604)",34.1722,-118.3604,4
"(34.2084, -118.4236)",34.2084,-118.4236,14
"(34.1876, -118.409)",34.1876,-118.409,6
"(34.1867, -118.3637)",34.1867,-118.3637,7
"(34.1867, -118.4041)",34.1867,-118.4041,23
"(34.1673, -118.3816)",34.1673,-118.3816,47
"(34.194, -118.421)",34.194,-118.421,3
"(34.1467, -118.3964)",34.1467,-118.3964,20
"(34.1577, -118.3801)",34.1577,-118.3801,7
"(34.1831, -118.3615)",34.1831,-118.3615,6
"(34.2057, -118.379)",34.2057,-118.379,5
"(34.1849, -118.3746)",34.1849,-118.3746,31
"(34.1776, -118.4094)",34.1776,-118.4094,3
"(34.1867, -118.3877)",34.1867,-118.3877,6
"(34.1722, -118.4094)",34.1722,-118.4094,19
"(34.1794, -118.391)",34.1794,-118.391,6
"(34.1687, -118.4031)",34.1687,-118.4031,2
"(34.1904, -118.4119)",34.1904,-118.4119,3
"(34.2085, -118.39)",34.2085,-118.39,3
"(34.2181, -118.4207)",34.2181,-118.4207,3
"(34.1903, -118.4052)",34.1903,-118.4052,18
"(34.1958, -118.4138)",34.1958,-118.4138,11
"(34.1722, -118.3778)",34.1722,-118.3778,4
"(34.194, -118.379)",34.194,-118.379,53
"(34.1404, -118.4046)",34.1404,-118.4046,1
"(34.174, -118.4095)",34.174,-118.4095,27
"(34.194, -118.3779)",34.194,-118.3779,11
"(34.2057, -118.3747)",34.2057,-118.3747,6
"(34.1722, -118.3659)",34.1722,-118.3659,9
"(34.2026, -118.3856)",34.2026,-118.3856,1
"(34.2182, -118.4189)",34.2182,-118.4189,1
"(34.1558, -118.3943)",34.1558,-118.3943,6
"(34.2118, -118.4108)",34.2118,-118.4108,6
"(34.1869, -118.4094)",34.1869,-118.4094,4
"(34.1952, -118.379)",34.1952,-118.379,8
"(34.1713, -118.3834)",34.1713,-118.3834,1
"(34.1697, -118.3568)",34.1697,-118.3568,2
"(34.194, -118.3987)",34.194,-118.3987,18
"(34.2003, -118.4073)",34.2003,-118.4073,3
"(34.191, -118.4099)",34.191,-118.4099,3
"(34.1275, -118.3603)",34.1275,-118.3603,2
"(34.1411, -118.372)",34.1411,-118.372,24
"(34.1885, -118.3965)",34.1885,-118.3965,21
"(34.1867, -118.3987)",34.1867,-118.3987,18
"(34.1311, -118.3752)",34.1311,-118.3752,4
"(34.1649, -118.3965)",34.1649,-118.3965,75
"(34.1794, -118.3681)",34.1794,-118.3681,15
"(34.1496, -118.3615)",34.1496,-118.3615,2
"(34.1649, -118.3921)",34.1649,-118.3921,32
"(34.174, -118.3877)",34.174,-118.3877,7
"(34.1849, -118.3965)",34.1849,-118.3965,10
"(34.1548, -118.3666)",34.1548,-118.3666,4
"(34.1577, -118.3648)",34.1577,-118.3648,1
"(34.163, -118.3757)",34.163,-118.3757,5
"(34.1722, -118.373)",34.1722,-118.373,27
"(34.1649, -118.3746)",34.1649,-118.3746,34
"(34.1903, -118.3877)",34.1903,-118.3877,36
"(34.1432, -118.3414)",34.1432,-118.3414,43
"(34.1649, -118.3953)",34.1649,-118.3953,7
"(34.2003, -118.4002)",34.2003,-118.4002,48
"(34.1406, -118.376)",34.1406,-118.376,29
"(34.1785, -118.379)",34.1785,-118.379,8
"(34.1903, -118.3746)",34.1903,-118.3746,2
"(34.2012, -118.4138)",34.2012,-118.4138,137
"(34.1504, -118.4203)",34.1504,-118.4203,4
"(34.2049, -118.3856)",34.2049,-118.3856,3
"(34.1794, -118.4052)",34.1794,-118.4052,70
"(34.1649, -118.3943)",34.1649,-118.3943,15
"(34.2111, -118.4106)",34.2111,-118.4106,33
"(34.2012, -118.4182)",34.2012,-118.4182,52
"(34.194, -118.3648)",34.194,-118.3648,8
"(34.1504, -118.3998)",34.1504,-118.3998,4
"(34.1786, -118.3604)",34.1786,-118.3604,1
"(34.1649, -118.4115)",34.1649,-118.4115,1
"(34.1436, -118.3929)",34.1436,-118.3929,19
"(34.2012, -118.3703)",34.2012,-118.3703,74
"(34.2125, -118.4195)",34.2125,-118.4195,39
"(34.1976, -118.3998)",34.1976,-118.3998,2
"(34.1875, -118.3877)",34.1875,-118.3877,17
"(34.1886, -118.3823)",34.1886,-118.3823,2
"(34.145, -118.3725)",34.145,-118.3725,1
"(34.17, -118.379)",34.17,-118.379,7
"(34.2045, -118.392)",34.2045,-118.392,22
"(34.1867, -118.3703)",34.1867,-118.3703,123
"(34.2012, -118.391)",34.2012,-118.391,6
"(34.1486, -118.3965)",34.1486,-118.3965,18
"(34.1849, -118.3878)",34.1849,-118.3878,7
"(34.194, -118.3845)",34.194,-118.3845,3
"(34.1619, -118.3728)",34.1619,-118.3728,12
"(34.143, -118.3727)",34.143,-118.3727,37
"(34.1479, -118.3615)",34.1479,-118.3615,7
"(34.2012, -118.4052)",34.2012,-118.4052,165
"(34.1886, -118.403)",34.1886,-118.403,1
"(34.2012, -118.3633)",34.2012,-118.3633,1
"(34.1271, -118.3479)",34.1271,-118.3479,2
"(34.1631, -118.3615)",34.1631,-118.3615,10
"(34.194, -118.3998)",34.194,-118.3998,6
"(34.1976, -118.4116)",34.1976,-118.4116,3
"(34.194, -118.3932)",34.194,-118.3932,11
"(34.1985, -118.4138)",34.1985,-118.4138,12
"(34.1976, -118.3965)",34.1976,-118.3965,22
"(34.1849, -118.3597)",34.1849,-118.3597,7
"(34.1976, -118.3954)",34.1976,-118.3954,7
"(34.1343, -118.3591)",34.1343,-118.3591,31
"(34.1831, -118.4052)",34.1831,-118.4052,13
"(34.1903, -118.3801)",34.1903,-118.3801,2
"(34.1922, -118.3681)",34.1922,-118.3681,4
"(34.1523, -118.367)",34.1523,-118.367,39
"(34.1405, -118.3702)",34.1405,-118.3702,55
"(34.1577, -118.3703)",34.1577,-118.3703,74
"(34.2066, -118.4144)",34.2066,-118.4144,38
"(34.1523, -118.3658)",34.1523,-118.3658,1
"(34.1885, -118.3703)",34.1885,-118.3703,8
"(34.1849, -118.4095)",34.1849,-118.4095,75
"(34.1976, -118.3834)",34.1976,-118.3834,3
"(34.1922, -118.4041)",34.1922,-118.4041,2
"(34.1548, -118.3648)",34.1548,-118.3648,3
"(34.1903, -118.39)",34.1903,-118.39,8
"(34.1685, -118.4008)",34.1685,-118.4008,18
"(34.1903, -118.3737)",34.1903,-118.3737,5
"(34.1329, -118.3559)",34.1329,-118.3559,16
"(34.1795, -118.3746)",34.1795,-118.3746,7
"(34.1867, -118.4063)",34.1867,-118.4063,11
"(34.198, -118.4216)",34.198,-118.4216,33
"(34.194, -118.4072)",34.194,-118.4072,10
"(34.1649, -118.3825)",34.1649,-118.3825,22
"(34.1577, -118.3794)",34.1577,-118.3794,5
"(34.1794, -118.4094)",34.1794,-118.4094,26
"(34.156, -118.3874)",34.156,-118.3874,14
"(34.1687, -118.3965)",34.1687,-118.3965,47
"(34.1594, -118.3987)",34.1594,-118.3987,1
"(34.1867, -118.3878)",34.1867,-118.3878,49
"(34.1797, -118.4014)",34.1797,-118.4014,33
"(34.2012, -118.405)",34.2012,-118.405,7
"(34.174, -118.3615)",34.174,-118.3615,13
"(34.1504, -118.3703)",34.1504,-118.3703,52
"(34.1649, -118.3724)",34.1649,-118.3724,16
"(34.141, -118.3943)",34.141,-118.3943,14
"(34.1428, -118.3241)",34.1428,-118.3241,19
"(34.1649, -118.3675)",34.1649,-118.3675,14
"(34.194, -118.4138)",34.194,-118.4138,77
"(34.1649, -118.379)",34.1649,-118.379,54
"(34.1653, -118.3548)",34.1653,-118.3548,5
"(34.194, -118.3877)",34.194,-118.3877,55
"(34.1425, -118.3643)",34.1425,-118.3643,56
"(34.1867, -118.3834)",34.1867,-118.3834,24
"(34.1794, -118.3856)",34.1794,-118.3856,34
"(34.1758, -118.3773)",34.1758,-118.3773,1
"(34.194, -118.3965)",34.194,-118.3965,79
"(34.1468, -118.3703)",34.1468,-118.3703,4
"(34.1794, -118.3653)",34.1794,-118.3653,8
"(34.1504, -118.3844)",34.1504,-118.3844,5
"(34.1921, -118.391)",34.1921,-118.391,4
"(34.1271, -118.3813)",34.1271,-118.3813,1
"(34.1831, -118.3834)",34.1831,-118.3834,6
"(34.1722, -118.3615)",34.1722,-118.3615,29
"(34.1722, -118.379)",34.1722,-118.379,43
"(34.167, -118.3724)",34.167,-118.3724,11
"(34.1867, -118.379)",34.1867,-118.379,55
"(34.1681, -118.3765)",34.1681,-118.3765,21
"(34.163, -118.3734)",34.163,-118.3734,8
"(34.1722, -118.3746)",34.1722,-118.3746,13
"(34.2012, -118.4037)",34.2012,-118.4037,5
"(34.16, -118.379)",34.16,-118.379,8
"(34.1372, -118.3804)",34.1372,-118.3804,3
"(34.2012, -118.4225)",34.2012,-118.4225,88
"(34.1649, -118.3642)",34.1649,-118.3642,11
"(34.2006, -118.3965)",34.2006,-118.3965,60
"(34.1722, -118.3877)",34.1722,-118.3877,34
"(34.2158, -118.4144)",34.2158,-118.4144,14
"(34.1962, -118.3911)",34.1962,-118.3911,21
"(34.2085, -118.3965)",34.2085,-118.3965,39
"(34.1649, -118.3704)",34.1649,-118.3704,88
"(34.1794, -118.4137)",34.1794,-118.4137,27
"(34.1867, -118.3932)",34.1867,-118.3932,3
"(34.1936, -118.4166)",34.1936,-118.4166,81
"(34.1497, -118.3694)",34.1497,-118.3694,14
"(34.1851, -118.3604)",34.1851,-118.3604,3
"(34.1697, -118.3822)",34.1697,-118.3822,3
"(34.1608, -118.379)",34.1608,-118.379,6
"(34.1758, -118.3703)",34.1758,-118.3703,17
"(34.194, -118.4181)",34.194,-118.4181,29
"(34.21, -118.4229)",34.21,-118.4229,7
"(34.145, -118.3703)",34.145,-118.3703,19
"(34.1493, -118.3759)",34.1493,-118.3759,14
"(34.1284, -118.3472)",34.1284,-118.3472,56
"(34.1319, -118.382)",34.1319,-118.382,16
"(34.194, -118.3703)",34.194,-118.3703,83
"(34.1758, -118.373)",34.1758,-118.373,3
"(34.1867, -118.4094)",34.1867,-118.4094,38
"(34.186, -118.3615)",34.186,-118.3615,20
"(34.1774, -118.3965)",34.1774,-118.3965,2
"(34.2103, -118.4133)",34.2103,-118.4133,2
"(34.194, -118.4094)",34.194,-118.4094,37
"(34.1522, -118.3615)",34.1522,-118.3615,46
"(34.1785, -118.4137)",34.1785,-118.4137,2
"(34.1903, -118.3757)",34.1903,-118.3757,1
"(34.1794, -118.3987)",34.1794,-118.3987,10
"(34.1522, -118.3517)",34.1522,-118.3517,7
"(34.1826, -118.3916)",34.1826,-118.3916,33
"(34.1594, -118.3657)",34.1594,-118.3657,26
"(34.1667, -118.3943)",34.1667,-118.3943,3
"(34.1585, -118.4052)",34.1585,-118.4052,3
"(34.1576, -118.3965)",34.1576,-118.3965,58
"(34.1794, -118.3877)",34.1794,-118.3877,37
"(34.2069, -118.4097)",34.2069,-118.4097,14
"(34.1831, -118.379)",34.1831,-118.379,7
"(34.2012, -118.3878)",34.2012,-118.3878,99
"(34.1295, -118.3794)",34.1295,-118.3794,9
"(34.17, -118.3615)",34.17,-118.3615,6
"(34.1531, -118.3703)",34.1531,-118.3703,3
"(34.1831, -118.3746)",34.1831,-118.3746,1
"(34.1434, -118.3975)",34.1434,-118.3975,37
"(34.2012, -118.3658)",34.2012,-118.3658,4
"(34.1649, -118.3774)",34.1649,-118.3774,23
"(34.1273, -118.3498)",34.1273,-118.3498,3
"(34.1973, -118.4116)",34.1973,-118.4116,61
"(34.1794, -118.3921)",34.1794,-118.3921,20
"(34.1959, -118.3965)",34.1959,-118.3965,7
"(34.2012, -118.4211)",34.2012,-118.4211,51
"(34.203, -118.3921)",34.203,-118.3921,4
"(34.1722, -118.3887)",34.1722,-118.3887,10
"(34.2085, -118.3932)",34.2085,-118.3932,2
"(34.1533, -118.4058)",34.1533,-118.4058,33
"(34.1481, -118.3644)",34.1481,-118.3644,11
"(34.1321, -118.3529)",34.1321,-118.3529,13
"(34.2085, -118.3703)",34.2085,-118.3703,24
"(34.1557, -118.3691)",34.1557,-118.3691,10
"(34.1966, -118.4061)",34.1966,-118.4061,30
"(34.2012, -118.4094)",34.2012,-118.4094,107
"(34.1362, -118.342)",34.1362,-118.342,18
"(34.2085, -118.3878)",34.2085,-118.3878,41
"(34.2012, -118.4247)",34.2012,-118.4247,28
"(34.1667, -118.3953)",34.1667,-118.3953,5
"(34.1763, -118.3965)",34.1763,-118.3965,10
"(34.1705, -118.379)",34.1705,-118.379,7
"(34.1722, -118.4052)",34.1722,-118.4052,57
"(34.2058, -118.3965)",34.2058,-118.3965,23
"(34.1869, -118.4117)",34.1869,-118.4117,7
"(34.194, -118.4008)",34.194,-118.4008,22
"(34.1722, -118.3965)",34.1722,-118.3965,80
"(34.2049, -118.3965)",34.2049,-118.3965,13
"(34.1867, -118.3965)",34.1867,-118.3965,99
"(34.1451, -118.4137)",34.1451,-118.4137,30
"(34.1831, -118.3801)",34.1831,-118.3801,2
"(34.1431, -118.4008)",34.1431,-118.4008,8
"(34.1903, -118.3637)",34.1903,-118.3637,4
"(34.1222, -118.3832)",34.1222,-118.3832,3
"(34.1504, -118.3877)",34.1504,-118.3877,23
"(34.2024, -118.3703)",34.2024,-118.3703,4
"(34.1794, -118.3965)",34.1794,-118.3965,73
"(34.1286, -118.3471)",34.1286,-118.3471,14
"(34.1594, -118.4031)",34.1594,-118.4031,3
"(34.1867, -118.3921)",34.1867,-118.3921,28
"(34.2002, -118.4181)",34.2002,-118.4181,3
"(34.1794, -118.3933)",34.1794,-118.3933,2
"(34.194, -118.3889)",34.194,-118.3889,6
"(34.1451, -118.3958)",34.1451,-118.3958,11
"(34.1456, -118.396)",34.1456,-118.396,12
"(34.1434, -118.3978)",34.1434,-118.3978,8
"(34.1869, -118.3987)",34.1869,-118.3987,23
"(34.1613, -118.4008)",34.1613,-118.4008,13
"(34.175, -118.3779)",34.175,-118.3779,1
"(34.1339, -118.3744)",34.1339,-118.3744,28
"(34.1867, -118.3943)",34.1867,-118.3943,3
"(34.1751, -118.3943)",34.1751,-118.3943,13
"(34.1325, -118.3974)",34.1325,-118.3974,55
"(34.1866, -118.4063)",34.1866,-118.4063,5
"(34.1576, -118.3943)",34.1576,-118.3943,6
"(34.1867, -118.4159)",34.1867,-118.4159,6
"(34.194, -118.3637)",34.194,-118.3637,25
"(34.1794, -118.3692)",34.1794,-118.3692,4
"(34.1649, -118.3571)",34.1649,-118.3571,1
"(34.1448, -118.3384)",34.1448,-118.3384,13
"(34.1504, -118.4008)",34.1504,-118.4008,9
"(34.1758, -118.3643)",34.1758,-118.3643,19
"(34.1291, -118.3467)",34.1291,-118.3467,6
"(34.1377, -118.3629)",34.1377,-118.3629,4
"(34.1867, -118.3997)",34.1867,-118.3997,13
"(34.1867, -118.3747)",34.1867,-118.3747,9
"(34.1577, -118.39)",34.1577,-118.39,2
"(34.1904, -118.4127)",34.1904,-118.4127,3
"(34.2012, -118.3779)",34.2012,-118.3779,7
"(34.1766, -118.3817)",34.1766,-118.3817,13
"(34.2049, -118.3878)",34.2049,-118.3878,29
"(34.1649, -118.3922)",34.1649,-118.3922,11
"(34.1577, -118.3774)",34.1577,-118.3774,7
"(34.1813, -118.3768)",34.1813,-118.3768,3
"(34.2079, -118.4121)",34.2079,-118.4121,1
"(34.1849, -118.3834)",34.1849,-118.3834,30
"(34.2012, -118.3834)",34.2012,-118.3834,22
"(34.1885, -118.3998)",34.1885,-118.3998,3
"(34.1734, -118.3752)",34.1734,-118.3752,2
"(34.1794, -118.3637)",34.1794,-118.3637,6
"(34.194, -118.3943)",34.194,-118.3943,16
"(34.174, -118.3844)",34.174,-118.3844,1
"(34.1867, -118.3996)",34.1867,-118.3996,32
"(34.1649, -118.3992)",34.1649,-118.3992,9
"(34.1794, -118.4031)",34.1794,-118.4031,9
"(34.1446, -118.3409)",34.1446,-118.3409,30
"(34.1567, -118.3702)",34.1567,-118.3702,8
"(34.1522, -118.379)",34.1522,-118.379,5
"(34.1667, -118.3702)",34.1667,-118.3702,14
"(34.2079, -118.421)",34.2079,-118.421,15
"(34.1774, -118.363)",34.1774,-118.363,1
"(34.1794, -118.3834)",34.1794,-118.3834,36
"(34.1794, -118.3953)",34.1794,-118.3953,6
"(34.1577, -118.3746)",34.1577,-118.3746,7
"(34.1722, -118.3921)",34.1722,-118.3921,6
"(34.1976, -118.4094)",34.1976,-118.4094,7
"(34.1249, -118.3775)",34.1249,-118.3775,12
"(34.1533, -118.4138)",34.1533,-118.4138,2
"(34.1576, -118.379)",34.1576,-118.379,34
"(34.194, -118.4214)",34.194,-118.4214,17
"(34.1219, -118.3869)",34.1219,-118.3869,2
"(34.2014, -118.3965)",34.2014,-118.3965,22
"(34.2085, -118.4052)",34.2085,-118.4052,7
"(34.135, -118.4137)",34.135,-118.4137,4
"(34.1315, -118.3811)",34.1315,-118.3811,10
"(34.203, -118.3638)",34.203,-118.3638,1
"(34.1722, -118.4019)",34.1722,-118.4019,13
"(34.1903, -118.379)",34.1903,-118.379,17
"(34.194, -118.3864)",34.194,-118.3864,10
"(34.2051, -118.416)",34.2051,-118.416,1
"(34.1722, -118.3711)",34.1722,-118.3711,6
"(34.1739, -118.3932)",34.1739,-118.3932,1
"(34.1946, -118.3835)",34.1946,-118.3835,20
"(34.1627, -118.3704)",34.1627,-118.3704,1
"(34.1522, -118.3965)",34.1522,-118.3965,19
"(34.1429, -118.403)",34.1429,-118.403,50
"(34.162, -118.3729)",34.162,-118.3729,4
"(34.1867, -118.3888)",34.1867,-118.3888,44
"(34.2012, -118.379)",34.2012,-118.379,41
"(34.1629, -118.3848)",34.1629,-118.3848,13
"(34.158, -118.3569)",34.158,-118.3569,12
"(34.1444, -118.3956)",34.1444,-118.3956,15
"(34.1903, -118.3954)",34.1903,-118.3954,9
"(34.1576, -118.4031)",34.1576,-118.4031,11
"(34.1794, -118.3703)",34.1794,-118.3703,35
"(34.2048, -118.379)",34.2048,-118.379,13
"(34.1681, -118.3773)",34.1681,-118.3773,12
"(34.163, -118.379)",34.163,-118.379,13
"(34.1758, -118.3812)",34.1758,-118.3812,6
"(34.1852, -118.3703)",34.1852,-118.3703,3
"(34.2012, -118.4041)",34.2012,-118.4041,8
"(34.2072, -118.3965)",34.2072,-118.3965,2
"(34.1921, -118.3965)",34.1921,-118.3965,40
"(34.1504, -118.4052)",34.1504,-118.4052,28
"(34.166, -118.3774)",34.166,-118.3774,1
"(34.1577, -118.3823)",34.1577,-118.3823,3
"(34.1687, -118.3703)",34.1687,-118.3703,3
"(34.1399, -118.3789)",34.1399,-118.3789,24
"(34.1722, -118.3703)",34.1722,-118.3703,60
"(34.1922, -118.3823)",34.1922,-118.3823,4
"(34.1849, -118.3899)",34.1849,-118.3899,1
"(34.1649, -118.3686)",34.1649,-118.3686,7
"(34.1831, -118.4111)",34.1831,-118.4111,1
"(34.2199, -118.4144)",34.2199,-118.4144,9
"(34.1545, -118.3965)",34.1545,-118.3965,9
"(34.1385, -118.368)",34.1385,-118.368,3
"(34.1413, -118.3877)",34.1413,-118.3877,51
"(34.1722, -118.3741)",34.1722,-118.3741,7
"(34.194, -118.3757)",34.194,-118.3757,9
"(34.1322, -118.3837)",34.1322,-118.3837,10
"(34.17, -118.3763)",34.17,-118.3763,5
"(34.1236, -118.3753)",34.1236,-118.3753,15
"(34.1903, -118.391)",34.1903,-118.391,5
"(34.1504, -118.4138)",34.1504,-118.4138,16
"(34.2048, -118.3682)",34.2048,-118.3682,1
"(34.2085, -118.3791)",34.2085,-118.3791,19
"(34.1545, -118.3684)",34.1545,-118.3684,9
"(34.2027, -118.3745)",34.2027,-118.3745,7
"(34.154, -118.3666)",34.154,-118.3666,1
"(34.1451, -118.3626)",34.1451,-118.3626,2
"(34.1904, -118.3681)",34.1904,-118.3681,4
"(34.1922, -118.3834)",34.1922,-118.3834,3
"(34.1324, -118.3443)",34.1324,-118.3443,5
"(34.1649, -118.3659)",34.1649,-118.3659,5
"(34.1649, -118.3855)",34.1649,-118.3855,5
"(34.1722, -118.3801)",34.1722,-118.3801,11
"(34.194, -118.3812)",34.194,-118.3812,8
"(34.194, -118.3659)",34.194,-118.3659,9
"(34.1767, -118.379)",34.1767,-118.379,3
"(34.167, -118.3752)",34.167,-118.3752,9
"(34.154, -118.3801)",34.154,-118.3801,1
"(34.1794, -118.3889)",34.1794,-118.3889,6
"(34.1758, -118.3746)",34.1758,-118.3746,31
"(34.1649, -118.3653)",34.1649,-118.3653,11
"(34.2063, -118.4182)",34.2063,-118.4182,2
"(34.1794, -118.379)",34.1794,-118.379,37
"(34.1667, -118.3965)",34.1667,-118.3965,6
"(34.1794, -118.3855)",34.1794,-118.3855,10
"(34.1226, -118.3515)",34.1226,-118.3515,1
"(34.1922, -118.3997)",34.1922,-118.3997,6
"(34.1922, -118.4052)",34.1922,-118.4052,9
"(34.1504, -118.416)",34.1504,-118.416,3
"(34.1867, -118.3768)",34.1867,-118.3768,2
"(34.1722, -118.3899)",34.1722,-118.3899,18
"(34.1813, -118.3703)",34.1813,-118.3703,5
"(34.154, -118.4138)",34.154,-118.4138,6
"(34.1451, -118.3875)",34.1451,-118.3875,15
"(34.174, -118.3888)",34.174,-118.3888,1
"(34.1886, -118.3877)",34.1886,-118.3877,23
"(34.1794, -118.3998)",34.1794,-118.3998,4
"(34.1449, -118.4125)",34.1449,-118.4125,10
"(34.1922, -118.3812)",34.1922,-118.3812,3
"(34.2037, -118.4094)",34.2037,-118.4094,16
"(34.1493, -118.4094)",34.1493,-118.4094,1
"(34.1416, -118.3732)",34.1416,-118.3732,1
"(34.1448, -118.4117)",34.1448,-118.4117,7
"(34.127, -118.3792)",34.127,-118.3792,28
"(34.1994, -118.4116)",34.1994,-118.4116,1
"(34.1886, -118.4052)",34.1886,-118.4052,6
"(34.1476, -118.3542)",34.1476,-118.3542,9
"(34.167, -118.3703)",34.167,-118.3703,12
"(34.1922, -118.3703)",34.1922,-118.3703,17
"(34.17, -118.3752)",34.17,-118.3752,4
"(34.1649, -118.3757)",34.1649,-118.3757,43
"(34.1326, -118.3898)",34.1326,-118.3898,4
"(34.2048, -118.366)",34.2048,-118.366,1
"(34.1468, -118.3615)",34.1468,-118.3615,13
"(34.1712, -118.4003)",34.1712,-118.4003,1
"(34.1577, -118.368)",34.1577,-118.368,4
"(34.1493, -118.3652)",34.1493,-118.3652,6
"(34.1576, -118.4052)",34.1576,-118.4052,25
"(34.1604, -118.3965)",34.1604,-118.3965,2
"(34.1584, -118.3746)",34.1584,-118.3746,1
"(34.1687, -118.3877)",34.1687,-118.3877,7
"(34.1722, -118.381)",34.1722,-118.381,9
"(34.1758, -118.379)",34.1758,-118.379,11
"(34.1828, -118.3878)",34.1828,-118.3878,3
"(34.1649, -118.3621)",34.1649,-118.3621,11
"(34.1894, -118.3866)",34.1894,-118.3866,2
"(34.1361, -118.357)",34.1361,-118.357,28
"(34.1649, -118.3982)",34.1649,-118.3982,6
"(34.1758, -118.3834)",34.1758,-118.3834,24
"(34.1598, -118.3715)",34.1598,-118.3715,10
"(34.1649, -118.4094)",34.1649,-118.4094,4
"(34.1367, -118.3799)",34.1367,-118.3799,2
"(34.1867, -118.4117)",34.1867,-118.4117,20
"(34.1649, -118.3789)",34.1649,-118.3789,11
"(34.2039, -118.3703)",34.2039,-118.3703,5
"(34.1867, -118.4013)",34.1867,-118.4013,3
"(34.1794, -118.3951)",34.1794,-118.3951,7
"(34.1649, -118.3637)",34.1649,-118.3637,2
"(34.1831, -118.3867)",34.1831,-118.3867,16
"(34.1241, -118.3475)",34.1241,-118.3475,1
"(34.2067, -118.3878)",34.2067,-118.3878,15
"(34.1867, -118.3954)",34.1867,-118.3954,23
"(34.1681, -118.3743)",34.1681,-118.3743,10
"(34.2037, -118.421)",34.2037,-118.421,18
"(34.1795, -118.3741)",34.1795,-118.3741,6
"(34.2085, -118.3812)",34.2085,-118.3812,1
"(34.1767, -118.3817)",34.1767,-118.3817,2
"(34.1613, -118.3965)",34.1613,-118.3965,7
"(34.1394, -118.3675)",34.1394,-118.3675,11
"(34.2056, -118.4094)",34.2056,-118.4094,13
"(34.1722, -118.3844)",34.1722,-118.3844,10
"(34.1522, -118.3527)",34.1522,-118.3527,10
"(34.135, -118.3611)",34.135,-118.3611,34
"(34.2121, -118.4144)",34.2121,-118.4144,7
"(34.134, -118.345)",34.134,-118.345,13
"(34.1649, -118.4041)",34.1649,-118.4041,17
"(34.1985, -118.3878)",34.1985,-118.3878,9
"(34.1588, -118.379)",34.1588,-118.379,23
"(34.1499, -118.3635)",34.1499,-118.3635,17
"(34.1649, -118.3632)",34.1649,-118.3632,15
"(34.1758, -118.367)",34.1758,-118.367,3
"(34.1794, -118.3757)",34.1794,-118.3757,2
"(34.1393, -118.3702)",34.1393,-118.3702,3
"(34.1611, -118.3723)",34.1611,-118.3723,6
"(34.1762, -118.3615)",34.1762,-118.3615,12
"(34.1441, -118.362)",34.1441,-118.362,4
"(34.1504, -118.379)",34.1504,-118.379,27
"(34.1903, -118.3987)",34.1903,-118.3987,3
"(34.1421, -118.3703)",34.1421,-118.3703,25
"(34.1722, -118.3752)",34.1722,-118.3752,12
"(34.194, -118.3921)",34.194,-118.3921,20
"(34.1548, -118.3615)",34.1548,-118.3615,8
"(34.1922, -118.3845)",34.1922,-118.3845,2
"(34.1794, -118.3712)",34.1794,-118.3712,3
"(34.1504, -118.3593)",34.1504,-118.3593,2
"(34.1513, -118.3664)",34.1513,-118.3664,3
"(34.1326, -118.3817)",34.1326,-118.3817,1
"(34.1922, -118.4063)",34.1922,-118.4063,1
"(34.1966, -118.4009)",34.1966,-118.4009,3
"(34.175, -118.3822)",34.175,-118.3822,2
"(34.1558, -118.4138)",34.1558,-118.4138,5
"(34.2085, -118.3823)",34.2085,-118.3823,2
"(34.2012, -118.3921)",34.2012,-118.3921,7
"(34.1976, -118.3889)",34.1976,-118.3889,6
"(34.194, -118.3834)",34.194,-118.3834,12
"(34.1372, -118.3633)",34.1372,-118.3633,24
"(34.1271, -118.3457)",34.1271,-118.3457,19
"(34.1588, -118.3709)",34.1588,-118.3709,7
"(34.1885, -118.4137)",34.1885,-118.4137,8
"(34.1437, -118.4074)",34.1437,-118.4074,2
"(34.1959, -118.3954)",34.1959,-118.3954,3
"(34.1636, -118.3659)",34.1636,-118.3659,2
"(34.194, -118.3746)",34.194,-118.3746,9
"(34.1904, -118.4148)",34.1904,-118.4148,7
"(34.1567, -118.3637)",34.1567,-118.3637,2
"(34.1649, -118.4019)",34.1649,-118.4019,23
"(34.1758, -118.3877)",34.1758,-118.3877,6
"(34.1794, -118.3878)",34.1794,-118.3878,9
"(34.2048, -118.3681)",34.2048,-118.3681,2
"(34.1867, -118.3778)",34.1867,-118.3778,3
"(34.166, -118.3703)",34.166,-118.3703,5
"(34.1414, -118.3686)",34.1414,-118.3686,2
"(34.1867, -118.3899)",34.1867,-118.3899,14
"(34.1687, -118.3943)",34.1687,-118.3943,1
"(34.154, -118.4052)",34.154,-118.4052,7
"(34.1813, -118.379)",34.1813,-118.379,9
"(34.194, -118.3878)",34.194,-118.3878,8
"(34.1867, -118.3812)",34.1867,-118.3812,4
"(34.1921, -118.3943)",34.1921,-118.3943,4
"(34.2076, -118.3943)",34.2076,-118.3943,2
"(34.1689, -118.379)",34.1689,-118.379,11
"(34.1681, -118.3724)",34.1681,-118.3724,3
"(34.1722, -118.3866)",34.1722,-118.3866,20
"(34.1284, -118.3496)",34.1284,-118.3496,4
"(34.1546, -118.379)",34.1546,-118.379,1
"(34.194, -118.4073)",34.194,-118.4073,3
"(34.1559, -118.3615)",34.1559,-118.3615,3
"(34.137, -118.3714)",34.137,-118.3714,5
"(34.1649, -118.3593)",34.1649,-118.3593,3
"(34.202, -118.405)",34.202,-118.405,7
"(34.1985, -118.3921)",34.1985,-118.3921,8
"(34.1888, -118.3877)",34.1888,-118.3877,7
"(34.1456, -118.3877)",34.1456,-118.3877,4
"(34.1522, -118.3593)",34.1522,-118.3593,3
"(34.1589, -118.3742)",34.1589,-118.3742,35
"(34.1758, -118.4052)",34.1758,-118.4052,6
"(34.1722, -118.3719)",34.1722,-118.3719,10
"(34.1504, -118.3734)",34.1504,-118.3734,6
"(34.1576, -118.3911)",34.1576,-118.3911,3
"(34.1636, -118.3704)",34.1636,-118.3704,5
"(34.2036, -118.3833)",34.2036,-118.3833,12
"(34.1379, -118.364)",34.1379,-118.364,8
"(34.1389, -118.3416)",34.1389,-118.3416,12
"(34.1649, -118.3828)",34.1649,-118.3828,3
"(34.2029, -118.3664)",34.2029,-118.3664,7
"(34.1621, -118.3704)",34.1621,-118.3704,6
"(34.1649, -118.3845)",34.1649,-118.3845,14
"(34.1795, -118.3731)",34.1795,-118.3731,3
"(34.1722, -118.3834)",34.1722,-118.3834,6
"(34.194, -118.3954)",34.194,-118.3954,8
"(34.1504, -118.3987)",34.1504,-118.3987,3
"(34.1794, -118.3866)",34.1794,-118.3866,7
"(34.1525, -118.3703)",34.1525,-118.3703,8
"(34.1567, -118.3648)",34.1567,-118.3648,2
"(34.1976, -118.391)",34.1976,-118.391,4
"(34.1722, -118.3648)",34.1722,-118.3648,14
"(34.1867, -118.3615)",34.1867,-118.3615,1
"(34.1795, -118.3722)",34.1795,-118.3722,2
"(34.1537, -118.379)",34.1537,-118.379,4
"(34.1684, -118.3877)",34.1684,-118.3877,12
"(34.1649, -118.3877)",34.1649,-118.3877,33
"(34.2085, -118.3648)",34.2085,-118.3648,1
"(34.1867, -118.3865)",34.1867,-118.3865,13
"(34.1584, -118.3757)",34.1584,-118.3757,4
"(34.154, -118.3877)",34.154,-118.3877,10
"(34.1592, -118.3757)",34.1592,-118.3757,2
"(34.1558, -118.4052)",34.1558,-118.4052,8
"(34.1649, -118.375)",34.1649,-118.375,13
"(34.2159, -118.4207)",34.2159,-118.4207,8
"(34.1419, -118.3609)",34.1419,-118.3609,13
"(34.175, -118.3807)",34.175,-118.3807,4
"(34.1949, -118.4073)",34.1949,-118.4073,2
"(34.1522, -118.3506)",34.1522,-118.3506,13
"(34.1523, -118.3648)",34.1523,-118.3648,5
"(34.131, -118.3452)",34.131,-118.3452,17
"(34.1396, -118.3938)",34.1396,-118.3938,8
"(34.175, -118.3812)",34.175,-118.3812,1
"(34.17, -118.3743)",34.17,-118.3743,5
"(34.1481, -118.3663)",34.1481,-118.3663,4
"(34.1504, -118.3527)",34.1504,-118.3527,1
"(34.1689, -118.377)",34.1689,-118.377,8
"(34.1406, -118.4005)",34.1406,-118.4005,2
"(34.161, -118.4052)",34.161,-118.4052,2
"(34.1885, -118.4138)",34.1885,-118.4138,6
"(34.164, -118.3965)",34.164,-118.3965,14
"(34.1234, -118.3757)",34.1234,-118.3757,4
"(34.1631, -118.4052)",34.1631,-118.4052,1
"(34.1849, -118.4137)",34.1849,-118.4137,9
"(34.2066, -118.3666)",34.2066,-118.3666,2
"(34.1681, -118.379)",34.1681,-118.379,17
"(34.1504, -118.3976)",34.1504,-118.3976,4
"(34.1467, -118.3987)",34.1467,-118.3987,1
"(34.2012, -118.3812)",34.2012,-118.3812,4
"(34.1849, -118.3867)",34.1849,-118.3867,7
"(34.194, -118.39)",34.194,-118.39,6
"(34.1886, -118.3834)",34.1886,-118.3834,3
"(34.1831, -118.3703)",34.1831,-118.3703,10
"(34.1867, -118.3659)",34.1867,-118.3659,10
"(34.1794, -118.3659)",34.1794,-118.3659,2
"(34.1577, -118.3659)",34.1577,-118.3659,8
"(34.1468, -118.4052)",34.1468,-118.4052,8
"(34.1649, -118.3899)",34.1649,-118.3899,10
"(34.1813, -118.3899)",34.1813,-118.3899,1
"(34.1537, -118.3637)",34.1537,-118.3637,1
"(34.1433, -118.3616)",34.1433,-118.3616,18
"(34.1631, -118.3965)",34.1631,-118.3965,4
"(34.1303, -118.35)",34.1303,-118.35,10
"(34.1504, -118.4041)",34.1504,-118.4041,2
"(34.1409, -118.3713)",34.1409,-118.3713,31
"(34.1722, -118.3686)",34.1722,-118.3686,4
"(34.195, -118.4148)",34.195,-118.4148,4
"(34.1926, -118.4041)",34.1926,-118.4041,3
"(34.2023, -118.3658)",34.2023,-118.3658,2
"(34.1558, -118.3855)",34.1558,-118.3855,1
"(34.1911, -118.3718)",34.1911,-118.3718,2
"(34.1722, -118.3932)",34.1722,-118.3932,6
"(34.1815, -118.3965)",34.1815,-118.3965,3
"(34.1785, -118.3828)",34.1785,-118.3828,7
"(34.1922, -118.379)",34.1922,-118.379,5
"(34.174, -118.3807)",34.174,-118.3807,8
"(34.1403, -118.3848)",34.1403,-118.3848,26
"(34.1649, -118.4052)",34.1649,-118.4052,20
"(34.1722, -118.3822)",34.1722,-118.3822,10
"(34.2074, -118.4182)",34.2074,-118.4182,26
"(34.2048, -118.3921)",34.2048,-118.3921,7
"(34.165, -118.356)",34.165,-118.356,1
"(34.1529, -118.3673)",34.1529,-118.3673,1
"(34.1369, -118.3858)",34.1369,-118.3858,15
"(34.1493, -118.3703)",34.1493,-118.3703,7
"(34.1358, -118.4076)",34.1358,-118.4076,1
"(34.1504, -118.4073)",34.1504,-118.4073,3
"(34.1504, -118.3658)",34.1504,-118.3658,13
"(34.1391, -118.3621)",34.1391,-118.3621,7
"(34.1631, -118.3627)",34.1631,-118.3627,1
"(34.1722, -118.4132)",34.1722,-118.4132,9
"(34.2069, -118.363)",34.2069,-118.363,1
"(34.194, -118.3823)",34.194,-118.3823,4
"(34.174, -118.3801)",34.174,-118.3801,2
"(34.1627, -118.3659)",34.1627,-118.3659,2
"(34.1459, -118.3631)",34.1459,-118.3631,2
"(34.1959, -118.39)",34.1959,-118.39,2
"(34.1722, -118.3855)",34.1722,-118.3855,5
"(34.13, -118.3512)",34.13,-118.3512,4
"(34.1608, -118.3774)",34.1608,-118.3774,2
"(34.17, -118.373)",34.17,-118.373,2
"(34.1595, -118.3615)",34.1595,-118.3615,9
"(34.1659, -118.3877)",34.1659,-118.3877,4
"(34.1831, -118.4137)",34.1831,-118.4137,8
"(34.1556, -118.369)",34.1556,-118.369,5
"(34.2067, -118.3769)",34.2067,-118.3769,2
"(34.1591, -118.3703)",34.1591,-118.3703,7
"(34.1237, -118.3428)",34.1237,-118.3428,1
"(34.1667, -118.3922)",34.1667,-118.3922,2
"(34.183, -118.3965)",34.183,-118.3965,17
"(34.2085, -118.3747)",34.2085,-118.3747,6
"(34.1867, -118.3681)",34.1867,-118.3681,16
"(34.1468, -118.379)",34.1468,-118.379,4
"(34.142, -118.3614)",34.142,-118.3614,3
"(34.2085, -118.4023)",34.2085,-118.4023,4
"(34.1576, -118.3987)",34.1576,-118.3987,5
"(34.2055, -118.4182)",34.2055,-118.4182,3
"(34.1987, -118.4238)",34.1987,-118.4238,3
"(34.1504, -118.3636)",34.1504,-118.3636,5
"(34.1609, -118.3681)",34.1609,-118.3681,2
"(34.1903, -118.3779)",34.1903,-118.3779,2
"(34.1976, -118.3878)",34.1976,-118.3878,11
"(34.1921, -118.3877)",34.1921,-118.3877,8
"(34.2049, -118.3812)",34.2049,-118.3812,1
"(34.1976, -118.4181)",34.1976,-118.4181,4
"(34.1976, -118.3921)",34.1976,-118.3921,5
"(34.1548, -118.3685)",34.1548,-118.3685,2
"(34.164, -118.3706)",34.164,-118.3706,3
"(34.1831, -118.3681)",34.1831,-118.3681,4
"(34.2199, -118.4207)",34.2199,-118.4207,5
"(34.1586, -118.3834)",34.1586,-118.3834,2
"(34.1558, -118.3965)",34.1558,-118.3965,16
"(34.1289, -118.3754)",34.1289,-118.3754,2
"(34.1776, -118.379)",34.1776,-118.379,16
"(34.1445, -118.3876)",34.1445,-118.3876,2
"(34.1704, -118.3992)",34.1704,-118.3992,1
"(34.1608, -118.3757)",34.1608,-118.3757,7
"(34.1976, -118.4225)",34.1976,-118.4225,16
"(34.1545, -118.3703)",34.1545,-118.3703,10
"(34.1829, -118.365)",34.1829,-118.365,3
"(34.154, -118.3943)",34.154,-118.3943,3
"(34.1613, -118.3637)",34.1613,-118.3637,1
"(34.2067, -118.4247)",34.2067,-118.4247,7
"(34.1722, -118.4031)",34.1722,-118.4031,10
"(34.1873, -118.4041)",34.1873,-118.4041,2
"(34.1704, -118.3981)",34.1704,-118.3981,1
"(34.175, -118.379)",34.175,-118.379,6
"(34.1365, -118.3854)",34.1365,-118.3854,1
"(34.1447, -118.4097)",34.1447,-118.4097,12
"(34.1502, -118.3281)",34.1502,-118.3281,4
"(34.1722, -118.3763)",34.1722,-118.3763,11
"(34.167, -118.379)",34.167,-118.379,4
"(34.203, -118.379)",34.203,-118.379,8
"(34.2085, -118.3834)",34.2085,-118.3834,3
"(34.1687, -118.4019)",34.1687,-118.4019,4
"(34.1601, -118.3706)",34.1601,-118.3706,1
"(34.121, -118.3454)",34.121,-118.3454,1
"(34.1687, -118.4138)",34.1687,-118.4138,2
"(34.2067, -118.3921)",34.2067,-118.3921,1
"(34.1794, -118.3976)",34.1794,-118.3976,8
"(34.1779, -118.3586)",34.1779,-118.3586,1
"(34.1681, -118.3675)",34.1681,-118.3675,4
"(34.1976, -118.4073)",34.1976,-118.4073,4
"(34.2022, -118.3725)",34.2022,-118.3725,1
"(34.1758, -118.3719)",34.1758,-118.3719,3
"(34.2094, -118.4204)",34.2094,-118.4204,3
"(34.2039, -118.3747)",34.2039,-118.3747,4
"(34.1481, -118.3703)",34.1481,-118.3703,9
"(34.1256, -118.3788)",34.1256,-118.3788,5
"(34.194, -118.4023)",34.194,-118.4023,1
"(34.1758, -118.3648)",34.1758,-118.3648,1
"(34.1504, -118.3712)",34.1504,-118.3712,8
"(34.1904, -118.409)",34.1904,-118.409,4
"(34.1649, -118.412)",34.1649,-118.412,2
"(34.1407, -118.3722)",34.1407,-118.3722,2
"(34.1993, -118.4181)",34.1993,-118.4181,4
"(34.2012, -118.3733)",34.2012,-118.3733,3
"(34.164, -118.3877)",34.164,-118.3877,4
"(34.145, -118.3747)",34.145,-118.3747,5
"(34.1518, -118.4138)",34.1518,-118.4138,5
"(34.1904, -118.4081)",34.1904,-118.4081,3
"(34.1504, -118.3769)",34.1504,-118.3769,5
"(34.1576, -118.3921)",34.1576,-118.3921,3
"(34.1831, -118.3812)",34.1831,-118.3812,3
"(34.174, -118.3681)",34.174,-118.3681,2
"(34.1463, -118.4138)",34.1463,-118.4138,2
"(34.193, -118.39)",34.193,-118.39,3
"(34.2012, -118.4035)",34.2012,-118.4035,8
"(34.1486, -118.3877)",34.1486,-118.3877,6
"(34.2048, -118.3747)",34.2048,-118.3747,3
"(34.1722, -118.391)",34.1722,-118.391,7
"(34.1545, -118.3763)",34.1545,-118.3763,5
"(34.1903, -118.3768)",34.1903,-118.3768,2
"(34.2076, -118.3791)",34.2076,-118.3791,2
"(34.1486, -118.3976)",34.1486,-118.3976,3
"(34.1523, -118.3637)",34.1523,-118.3637,3
"(34.1384, -118.358)",34.1384,-118.358,3
"(34.174, -118.381)",34.174,-118.381,1
"(34.1387, -118.3658)",34.1387,-118.3658,5
"(34.1447, -118.4052)",34.1447,-118.4052,36
"(34.2085, -118.3981)",34.2085,-118.3981,5
"(34.1785, -118.3703)",34.1785,-118.3703,4
"(34.2046, -118.4138)",34.2046,-118.4138,14
"(34.1687, -118.3675)",34.1687,-118.3675,1
"(34.1831, -118.3899)",34.1831,-118.3899,1
"(34.1583, -118.3703)",34.1583,-118.3703,4
"(34.1767, -118.3746)",34.1767,-118.3746,3
"(34.1776, -118.3888)",34.1776,-118.3888,2
"(34.167, -118.3774)",34.167,-118.3774,3
"(34.136, -118.3925)",34.136,-118.3925,1
"(34.2067, -118.389)",34.2067,-118.389,1
"(34.194, -118.3911)",34.194,-118.3911,6
"(34.1695, -118.3659)",34.1695,-118.3659,21
"(34.1758, -118.3822)",34.1758,-118.3822,3
"(34.1812, -118.3692)",34.1812,-118.3692,1
"(34.1849, -118.4052)",34.1849,-118.4052,10
"(34.1794, -118.4008)",34.1794,-118.4008,13
"(34.2072, -118.411)",34.2072,-118.411,1
"(34.1504, -118.403)",34.1504,-118.403,5
"(34.1676, -118.3877)",34.1676,-118.3877,9
"(34.1522, -118.3549)",34.1522,-118.3549,1
"(34.1504, -118.3615)",34.1504,-118.3615,11
"(34.218, -118.4155)",34.218,-118.4155,2
"(34.1567, -118.3615)",34.1567,-118.3615,3
"(34.174, -118.3703)",34.174,-118.3703,10
"(34.1959, -118.3932)",34.1959,-118.3932,3
"(34.1558, -118.3921)",34.1558,-118.3921,4
"(34.1794, -118.404)",34.1794,-118.404,5
"(34.2179, -118.4144)",34.2179,-118.4144,4
"(34.2048, -118.3769)",34.2048,-118.3769,3
"(34.2167, -118.4189)",34.2167,-118.4189,4
"(34.1525, -118.3712)",34.1525,-118.3712,11
"(34.1377, -118.4127)",34.1377,-118.4127,3
"(34.1231, -118.3421)",34.1231,-118.3421,9
"(34.1684, -118.4019)",34.1684,-118.4019,18
"(34.1963, -118.3865)",34.1963,-118.3865,1
"(34.1421, -118.3877)",34.1421,-118.3877,1
"(34.2048, -118.4138)",34.2048,-118.4138,5
"(34.1524, -118.3179)",34.1524,-118.3179,15
"(34.1649, -118.3583)",34.1649,-118.3583,1
"(34.1649, -118.3627)",34.1649,-118.3627,1
"(34.2003, -118.4181)",34.2003,-118.4181,4
"(34.1504, -118.3664)",34.1504,-118.3664,3
"(34.1776, -118.3877)",34.1776,-118.3877,2
"(34.1396, -118.3805)",34.1396,-118.3805,8
"(34.1859, -118.4117)",34.1859,-118.4117,2
"(34.1407, -118.3612)",34.1407,-118.3612,8
"(34.1622, -118.3855)",34.1622,-118.3855,1
"(34.1522, -118.3496)",34.1522,-118.3496,6
"(34.1867, -118.3648)",34.1867,-118.3648,7
"(34.194, -118.3681)",34.194,-118.3681,7
"(34.1867, -118.3801)",34.1867,-118.3801,5
"(34.1867, -118.4032)",34.1867,-118.4032,1
"(34.1489, -118.3615)",34.1489,-118.3615,3
"(34.1813, -118.3741)",34.1813,-118.3741,2
"(34.194, -118.367)",34.194,-118.367,9
"(34.1849, -118.3659)",34.1849,-118.3659,1
"(34.1473, -118.3317)",34.1473,-118.3317,14
"(34.1592, -118.3529)",34.1592,-118.3529,2
"(34.1994, -118.3998)",34.1994,-118.3998,1
"(34.1697, -118.379)",34.1697,-118.379,4
"(34.1963, -118.3878)",34.1963,-118.3878,2
"(34.185, -118.3703)",34.185,-118.3703,1
"(34.1513, -118.3703)",34.1513,-118.3703,4
"(34.194, -118.403)",34.194,-118.403,13
"(34.136, -118.3834)",34.136,-118.3834,1
"(34.1704, -118.3943)",34.1704,-118.3943,2
"(34.1271, -118.3467)",34.1271,-118.3467,3
"(34.1921, -118.3921)",34.1921,-118.3921,2
"(34.1794, -118.4073)",34.1794,-118.4073,6
"(34.2012, -118.3845)",34.2012,-118.3845,8
"(34.214, -118.4205)",34.214,-118.4205,1
"(34.164, -118.374)",34.164,-118.374,6
"(34.1372, -118.3929)",34.1372,-118.3929,9
"(34.1595, -118.3593)",34.1595,-118.3593,1
"(34.1649, -118.3604)",34.1649,-118.3604,7
"(34.1422, -118.4007)",34.1422,-118.4007,3
"(34.1385, -118.3652)",34.1385,-118.3652,2
"(34.1382, -118.3602)",34.1382,-118.3602,1
"(34.215, -118.4227)",34.215,-118.4227,1
"(34.1758, -118.3763)",34.1758,-118.3763,11
"(34.1904, -118.4138)",34.1904,-118.4138,16
"(34.1813, -118.3712)",34.1813,-118.3712,3
"(34.154, -118.3527)",34.154,-118.3527,3
"(34.1667, -118.4003)",34.1667,-118.4003,4
"(34.1804, -118.3812)",34.1804,-118.3812,1
"(34.1585, -118.3774)",34.1585,-118.3774,1
"(34.134, -118.352)",34.134,-118.352,1
"(34.2057, -118.3769)",34.2057,-118.3769,2
"(34.1528, -118.3229)",34.1528,-118.3229,14
"(34.1687, -118.3888)",34.1687,-118.3888,1
"(34.1722, -118.3675)",34.1722,-118.3675,3
"(34.1917, -118.4148)",34.1917,-118.4148,1
"(34.17, -118.3646)",34.17,-118.3646,1
"(34.1399, -118.3836)",34.1399,-118.3836,1
"(34.166, -118.3724)",34.166,-118.3724,7
"(34.163, -118.3746)",34.163,-118.3746,9
"(34.1903, -118.3921)",34.1903,-118.3921,4
"(34.1493, -118.4138)",34.1493,-118.4138,9
"(34.1468, -118.3636)",34.1468,-118.3636,6
"(34.1811, -118.3615)",34.1811,-118.3615,2
"(34.1722, -118.3626)",34.1722,-118.3626,7
"(34.1337, -118.3632)",34.1337,-118.3632,2
"(34.1681, -118.3703)",34.1681,-118.3703,8
"(34.164, -118.3746)",34.164,-118.3746,1
"(34.17, -118.3783)",34.17,-118.3783,2
"(34.1869, -118.4118)",34.1869,-118.4118,6
"(34.1722, -118.3638)",34.1722,-118.3638,2
"(34.1577, -118.3681)",34.1577,-118.3681,2
"(34.1903, -118.3648)",34.1903,-118.3648,1
"(34.1566, -118.4052)",34.1566,-118.4052,3
"(34.1579, -118.3703)",34.1579,-118.3703,2
"(34.2092, -118.4144)",34.2092,-118.4144,1
"(34.1722, -118.4134)",34.1722,-118.4134,2
"(34.1794, -118.3822)",34.1794,-118.3822,5
"(34.2067, -118.3943)",34.2067,-118.3943,1
"(34.1504, -118.415)",34.1504,-118.415,2
"(34.1722, -118.3691)",34.1722,-118.3691,5
"(34.2067, -118.3747)",34.2067,-118.3747,1
"(34.1794, -118.3812)",34.1794,-118.3812,11
"(34.1885, -118.416)",34.1885,-118.416,1
"(34.1831, -118.4105)",34.1831,-118.4105,2
"(34.1804, -118.4094)",34.1804,-118.4094,3
"(34.1985, -118.3965)",34.1985,-118.3965,8
"(34.1684, -118.3703)",34.1684,-118.3703,8
"(34.1794, -118.3769)",34.1794,-118.3769,4
"(34.1522, -118.3631)",34.1522,-118.3631,2
"(34.1937, -118.3748)",34.1937,-118.3748,5
"(34.17, -118.3777)",34.17,-118.3777,8
"(34.1994, -118.4062)",34.1994,-118.4062,1
"(34.1318, -118.3445)",34.1318,-118.3445,4
"(34.1976, -118.39)",34.1976,-118.39,4
"(34.2081, -118.4002)",34.2081,-118.4002,1
"(34.1504, -118.4225)",34.1504,-118.4225,5
"(34.1522, -118.356)",34.1522,-118.356,3
"(34.1365, -118.3662)",34.1365,-118.3662,3
"(34.2048, -118.3638)",34.2048,-118.3638,3
"(34.1564, -118.3998)",34.1564,-118.3998,11
"(34.1265, -118.3721)",34.1265,-118.3721,1
"(34.1594, -118.4052)",34.1594,-118.4052,5
"(34.1599, -118.3659)",34.1599,-118.3659,2
"(34.1867, -118.3758)",34.1867,-118.3758,2
"(34.1504, -118.3855)",34.1504,-118.3855,5
"(34.2049, -118.3834)",34.2049,-118.3834,3
"(34.163, -118.374)",34.163,-118.374,1
"(34.1885, -118.3954)",34.1885,-118.3954,2
"(34.1585, -118.4008)",34.1585,-118.4008,2
"(34.2173, -118.4189)",34.2173,-118.4189,1
"(34.1577, -118.3771)",34.1577,-118.3771,2
"(34.1867, -118.3692)",34.1867,-118.3692,4
"(34.1649, -118.3648)",34.1649,-118.3648,1
"(34.1684, -118.3855)",34.1684,-118.3855,4
"(34.1849, -118.379)",34.1849,-118.379,3
"(34.1649, -118.4003)",34.1649,-118.4003,4
"(34.1794, -118.3588)",34.1794,-118.3588,3
"(34.1577, -118.3691)",34.1577,-118.3691,6
"(34.1909, -118.3654)",34.1909,-118.3654,5
"(34.194, -118.4225)",34.194,-118.4225,6
"(34.1959, -118.4225)",34.1959,-118.4225,2
"(34.1867, -118.3728)",34.1867,-118.3728,1
"(34.1903, -118.3834)",34.1903,-118.3834,1
"(34.1994, -118.4052)",34.1994,-118.4052,7
"(34.2181, -118.4189)",34.2181,-118.4189,5
"(34.1336, -118.3619)",34.1336,-118.3619,1
"(34.2085, -118.3845)",34.2085,-118.3845,4
"(34.1367, -118.3809)",34.1367,-118.3809,1
"(34.1867, -118.4015)",34.1867,-118.4015,10
"(34.2158, -118.413)",34.2158,-118.413,14
"(34.1958, -118.4094)",34.1958,-118.4094,7
"(34.1631, -118.3593)",34.1631,-118.3593,2
"(34.16, -118.3704)",34.16,-118.3704,9
"(34.1722, -118.3583)",34.1722,-118.3583,2
"(34.2085, -118.3632)",34.2085,-118.3632,3
"(34.145, -118.3779)",34.145,-118.3779,1
"(34.163, -118.3774)",34.163,-118.3774,6
"(34.1886, -118.379)",34.1886,-118.379,5
"(34.1296, -118.3884)",34.1296,-118.3884,1
"(34.1365, -118.4123)",34.1365,-118.4123,1
"(34.1322, -118.3564)",34.1322,-118.3564,2
"(34.1609, -118.3704)",34.1609,-118.3704,1
"(34.1382, -118.3857)",34.1382,-118.3857,1
"(34.1776, -118.3844)",34.1776,-118.3844,4
"(34.1687, -118.3866)",34.1687,-118.3866,2
"(34.1785, -118.3746)",34.1785,-118.3746,3
"(34.1522, -118.403)",34.1522,-118.403,2
"(34.154, -118.3615)",34.154,-118.3615,2
"(34.1576, -118.4008)",34.1576,-118.4008,2
"(34.2026, -118.4247)",34.2026,-118.4247,4
"(34.1704, -118.3921)",34.1704,-118.3921,2
"(34.1649, -118.3664)",34.1649,-118.3664,18
"(34.1976, -118.3943)",34.1976,-118.3943,3
"(34.1514, -118.3712)",34.1514,-118.3712,1
"(34.145, -118.3706)",34.145,-118.3706,4
"(34.1722, -118.3594)",34.1722,-118.3594,4
"(34.2048, -118.3911)",34.2048,-118.3911,3
"(34.1758, -118.3634)",34.1758,-118.3634,1
"(34.1486, -118.4052)",34.1486,-118.4052,4
"(34.1849, -118.3921)",34.1849,-118.3921,4
"(34.1595, -118.39)",34.1595,-118.39,1
"(34.2159, -118.4189)",34.2159,-118.4189,4
"(34.1727, -118.3578)",34.1727,-118.3578,2
"(34.1922, -118.3801)",34.1922,-118.3801,4
"(34.1976, -118.3932)",34.1976,-118.3932,5
"(34.1613, -118.3627)",34.1613,-118.3627,1
"(34.1479, -118.348)",34.1479,-118.348,1
"(34.1283, -118.3531)",34.1283,-118.3531,1
"(34.1774, -118.4031)",34.1774,-118.4031,1
"(34.135, -118.3612)",34.135,-118.3612,4
"(34.1849, -118.3954)",34.1849,-118.3954,1
"(34.2128, -118.4179)",34.2128,-118.4179,2
"(34.1831, -118.4073)",34.1831,-118.4073,1
"(34.1435, -118.4009)",34.1435,-118.4009,3
"(34.128, -118.3467)",34.128,-118.3467,5
"(34.1347, -118.3427)",34.1347,-118.3427,1
"(34.1758, -118.3711)",34.1758,-118.3711,2
"(34.1785, -118.373)",34.1785,-118.373,2
"(34.1464, -118.3963)",34.1464,-118.3963,6
"(34.1402, -118.3774)",34.1402,-118.3774,6
"(34.1591, -118.3774)",34.1591,-118.3774,1
"(34.129, -118.407)",34.129,-118.407,1
"(34.1577, -118.3812)",34.1577,-118.3812,3
"(34.174, -118.3778)",34.174,-118.3778,5
"(34.174, -118.3834)",34.174,-118.3834,4
"(34.2026, -118.4263)",34.2026,-118.4263,1
"(34.1813, -118.3832)",34.1813,-118.3832,1
"(34.1885, -118.3921)",34.1885,-118.3921,3
"(34.1577, -118.3571)",34.1577,-118.3571,12
"(34.1613, -118.3877)",34.1613,-118.3877,3
"(34.2106, -118.4105)",34.2106,-118.4105,2
"(34.1622, -118.3965)",34.1622,-118.3965,2
"(34.204, -118.421)",34.204,-118.421,2
"(34.1896, -118.4148)",34.1896,-118.4148,1
"(34.2138, -118.4119)",34.2138,-118.4119,2
"(34.2048, -118.3725)",34.2048,-118.3725,3
"(34.2067, -118.3834)",34.2067,-118.3834,4
"(34.1831, -118.4094)",34.1831,-118.4094,5
"(34.2012, -118.3965)",34.2012,-118.3965,5
"(34.2087, -118.4247)",34.2087,-118.4247,10
"(34.1566, -118.3706)",34.1566,-118.3706,2
"(34.158, -118.3527)",34.158,-118.3527,4
"(34.1419, -118.4116)",34.1419,-118.4116,1
"(34.1609, -118.3659)",34.1609,-118.3659,1
"(34.1921, -118.3932)",34.1921,-118.3932,2
"(34.2022, -118.3747)",34.2022,-118.3747,2
"(34.1684, -118.4052)",34.1684,-118.4052,10
"(34.1687, -118.3992)",34.1687,-118.3992,1
"(34.1794, -118.3899)",34.1794,-118.3899,1
"(34.1849, -118.3823)",34.1849,-118.3823,2
"(34.194, -118.3855)",34.194,-118.3855,4
"(34.2121, -118.4221)",34.2121,-118.4221,2
"(34.1604, -118.3877)",34.1604,-118.3877,2
"(34.145, -118.379)",34.145,-118.379,4
"(34.1976, -118.399)",34.1976,-118.399,1
"(34.1474, -118.3703)",34.1474,-118.3703,4
"(34.2085, -118.3921)",34.2085,-118.3921,2
"(34.1522, -118.3889)",34.1522,-118.3889,2
"(34.1352, -118.3423)",34.1352,-118.3423,1
"(34.1919, -118.3746)",34.1919,-118.3746,1
"(34.1776, -118.4052)",34.1776,-118.4052,8
"(34.1886, -118.3852)",34.1886,-118.3852,1
"(34.1504, -118.4094)",34.1504,-118.4094,11
"(34.1418, -118.3914)",34.1418,-118.3914,4
"(34.2058, -118.3943)",34.2058,-118.3943,1
"(34.2134, -118.4227)",34.2134,-118.4227,4
"(34.1649, -118.3691)",34.1649,-118.3691,6
"(34.1627, -118.368)",34.1627,-118.368,3
"(34.1733, -118.4031)",34.1733,-118.4031,1
"(34.1684, -118.3992)",34.1684,-118.3992,2
"(34.1523, -118.3664)",34.1523,-118.3664,3
"(34.1567, -118.3678)",34.1567,-118.3678,1
"(34.2199, -118.4154)",34.2199,-118.4154,3
"(34.1576, -118.3932)",34.1576,-118.3932,4
"(34.1649, -118.4105)",34.1649,-118.4105,4
"(34.1482, -118.4138)",34.1482,-118.4138,6
"(34.1468, -118.36)",34.1468,-118.36,1
"(34.1613, -118.3659)",34.1613,-118.3659,2
"(34.1613, -118.3615)",34.1613,-118.3615,8
"(34.1486, -118.379)",34.1486,-118.379,4
"(34.1684, -118.3965)",34.1684,-118.3965,4
"(34.1459, -118.3669)",34.1459,-118.3669,1
"(34.1704, -118.3965)",34.1704,-118.3965,11
"(34.1822, -118.379)",34.1822,-118.379,4
"(34.2158, -118.4089)",34.2158,-118.4089,5
"(34.1687, -118.391)",34.1687,-118.391,1
"(34.1544, -118.3965)",34.1544,-118.3965,7
"(34.1785, -118.3931)",34.1785,-118.3931,1
"(34.1758, -118.3817)",34.1758,-118.3817,6
"(34.1822, -118.3812)",34.1822,-118.3812,1
"(34.1328, -118.3903)",34.1328,-118.3903,7
"(34.1406, -118.3914)",34.1406,-118.3914,2
"(34.1504, -118.3705)",34.1504,-118.3705,3
"(34.1504, -118.3779)",34.1504,-118.3779,3
"(34.1266, -118.3453)",34.1266,-118.3453,3
"(34.2067, -118.3703)",34.2067,-118.3703,8
"(34.1457, -118.3923)",34.1457,-118.3923,3
"(34.1912, -118.4031)",34.1912,-118.4031,3
"(34.2085, -118.367)",34.2085,-118.367,2
"(34.1896, -118.411)",34.1896,-118.411,2
"(34.2012, -118.3621)",34.2012,-118.3621,4
"(34.1758, -118.3866)",34.1758,-118.3866,2
"(34.2147, -118.4173)",34.2147,-118.4173,2
"(34.1549, -118.4138)",34.1549,-118.4138,5
"(34.164, -118.3899)",34.164,-118.3899,1
"(34.1585, -118.3965)",34.1585,-118.3965,5
"(34.2067, -118.3812)",34.2067,-118.3812,4
"(34.1585, -118.4031)",34.1585,-118.4031,1
"(34.17, -118.3741)",34.17,-118.3741,3
"(34.1329, -118.3646)",34.1329,-118.3646,3
"(34.1831, -118.3605)",34.1831,-118.3605,2
"(34.1432, -118.4052)",34.1432,-118.4052,3
"(34.1486, -118.3932)",34.1486,-118.3932,1
"(34.1577, -118.3702)",34.1577,-118.3702,6
"(34.215, -118.4185)",34.215,-118.4185,1
"(34.2158, -118.4107)",34.2158,-118.4107,2
"(34.1366, -118.3432)",34.1366,-118.3432,1
"(34.1784, -118.3965)",34.1784,-118.3965,7
"(34.1976, -118.4235)",34.1976,-118.4235,3
"(34.2134, -118.4246)",34.2134,-118.4246,3
"(34.1994, -118.4094)",34.1994,-118.4094,6
"(34.1245, -118.3441)",34.1245,-118.3441,1
"(34.1285, -118.4068)",34.1285,-118.4068,2
"(34.1776, -118.3878)",34.1776,-118.3878,3
"(34.1486, -118.3779)",34.1486,-118.3779,2
"(34.1619, -118.4052)",34.1619,-118.4052,1
"(34.1433, -118.4052)",34.1433,-118.4052,4
"(34.1556, -118.3703)",34.1556,-118.3703,2
"(34.1649, -118.3643)",34.1649,-118.3643,2
"(34.2199, -118.4202)",34.2199,-118.4202,2
"(34.1619, -118.3746)",34.1619,-118.3746,3
"(34.1994, -118.4203)",34.1994,-118.4203,3
"(34.2168, -118.4227)",34.2168,-118.4227,2
"(34.1687, -118.4052)",34.1687,-118.4052,5
"(34.1557, -118.3696)",34.1557,-118.3696,3
"(34.2012, -118.3747)",34.2012,-118.3747,4
"(34.1831, -118.3626)",34.1831,-118.3626,1
"(34.1858, -118.3834)",34.1858,-118.3834,4
"(34.194, -118.3722)",34.194,-118.3722,2
"(34.1438, -118.4052)",34.1438,-118.4052,3
"(34.1903, -118.3943)",34.1903,-118.3943,6
"(34.1876, -118.4063)",34.1876,-118.4063,1
"(34.1758, -118.3752)",34.1758,-118.3752,3
"(34.1687, -118.3834)",34.1687,-118.3834,1
"(34.2024, -118.3692)",34.2024,-118.3692,1
"(34.1903, -118.3932)",34.1903,-118.3932,2
"(34.1548, -118.3818)",34.1548,-118.3818,1
"(34.1329, -118.3837)",34.1329,-118.3837,1
"(34.1522, -118.3538)",34.1522,-118.3538,1
"(34.2144, -118.4103)",34.2144,-118.4103,2
"(34.1922, -118.3866)",34.1922,-118.3866,3
"(34.129, -118.3468)",34.129,-118.3468,1
"(34.1468, -118.3877)",34.1468,-118.3877,3
"(34.1331, -118.3525)",34.1331,-118.3525,1
"(34.2071, -118.412)",34.2071,-118.412,1
"(34.1888, -118.3921)",34.1888,-118.3921,5
"(34.1569, -118.3793)",34.1569,-118.3793,1
"(34.1613, -118.3987)",34.1613,-118.3987,1
"(34.174, -118.3822)",34.174,-118.3822,3
"(34.1831, -118.4116)",34.1831,-118.4116,4
"(34.2123, -118.4169)",34.2123,-118.4169,2
"(34.1444, -118.4008)",34.1444,-118.4008,1
"(34.16, -118.3774)",34.16,-118.3774,6
"(34.2159, -118.4227)",34.2159,-118.4227,3
"(34.1684, -118.3943)",34.1684,-118.3943,2
"(34.1548, -118.3626)",34.1548,-118.3626,1
"(34.1458, -118.3961)",34.1458,-118.3961,1
"(34.1337, -118.3915)",34.1337,-118.3915,4
"(34.142, -118.4137)",34.142,-118.4137,5
"(34.2025, -118.3834)",34.2025,-118.3834,1
"(34.1577, -118.3855)",34.1577,-118.3855,4
"(34.1776, -118.373)",34.1776,-118.373,2
"(34.1722, -118.4073)",34.1722,-118.4073,1
"(34.1783, -118.364)",34.1783,-118.364,3
"(34.1804, -118.379)",34.1804,-118.379,4
"(34.1813, -118.3987)",34.1813,-118.3987,4
"(34.203, -118.3747)",34.203,-118.3747,3
"(34.1504, -118.3823)",34.1504,-118.3823,6
"(34.1567, -118.3696)",34.1567,-118.3696,4
"(34.1794, -118.4116)",34.1794,-118.4116,4
"(34.1885, -118.3681)",34.1885,-118.3681,1
"(34.1463, -118.3953)",34.1463,-118.3953,3
"(34.1432, -118.3905)",34.1432,-118.3905,3
"(34.2049, -118.3866)",34.2049,-118.3866,2
"(34.1722, -118.3997)",34.1722,-118.3997,5
"(34.1885, -118.3932)",34.1885,-118.3932,3
"(34.1264, -118.3892)",34.1264,-118.3892,2
"(34.1931, -118.4119)",34.1931,-118.4119,3
"(34.1849, -118.3975)",34.1849,-118.3975,2
"(34.1403, -118.3398)",34.1403,-118.3398,1
"(34.1754, -118.3954)",34.1754,-118.3954,1
"(34.2146, -118.4164)",34.2146,-118.4164,1
"(34.1776, -118.3681)",34.1776,-118.3681,2
"(34.1667, -118.3981)",34.1667,-118.3981,1
"(34.1903, -118.3823)",34.1903,-118.3823,1
"(34.1849, -118.3681)",34.1849,-118.3681,1
"(34.1437, -118.3929)",34.1437,-118.3929,4
"(34.1776, -118.3692)",34.1776,-118.3692,1
"(34.2041, -118.3834)",34.2041,-118.3834,1
"(34.1366, -118.3642)",34.1366,-118.3642,2
"(34.1722, -118.3578)",34.1722,-118.3578,1
"(34.1667, -118.3844)",34.1667,-118.3844,1
"(34.1683, -118.4052)",34.1683,-118.4052,4
"(34.1979, -118.4052)",34.1979,-118.4052,1
"(34.219, -118.4174)",34.219,-118.4174,1
"(34.1238, -118.3553)",34.1238,-118.3553,2
"(34.1433, -118.379)",34.1433,-118.379,4
"(34.1704, -118.4052)",34.1704,-118.4052,8
"(34.1886, -118.3812)",34.1886,-118.3812,1
"(34.1722, -118.367)",34.1722,-118.367,5
"(34.1522, -118.3801)",34.1522,-118.3801,1
"(34.1419, -118.4102)",34.1419,-118.4102,4
"(34.1656, -118.375)",34.1656,-118.375,1
"(34.1867, -118.3823)",34.1867,-118.3823,3
"(34.1504, -118.374)",34.1504,-118.374,1
"(34.1767, -118.3703)",34.1767,-118.3703,2
"(34.205, -118.4061)",34.205,-118.4061,7
"(34.2067, -118.3866)",34.2067,-118.3866,2
"(34.1867, -118.3737)",34.1867,-118.3737,5
"(34.1392, -118.3936)",34.1392,-118.3936,1
"(34.1958, -118.3889)",34.1958,-118.3889,1
"(34.1922, -118.4008)",34.1922,-118.4008,4
"(34.1713, -118.4094)",34.1713,-118.4094,1
"(34.2026, -118.4261)",34.2026,-118.4261,2
"(34.2177, -118.4131)",34.2177,-118.4131,1
"(34.1976, -118.4148)",34.1976,-118.4148,1
"(34.1449, -118.4117)",34.1449,-118.4117,5
"(34.1522, -118.3492)",34.1522,-118.3492,1
"(34.1926, -118.403)",34.1926,-118.403,1
"(34.1529, -118.3703)",34.1529,-118.3703,1
"(34.1867, -118.367)",34.1867,-118.367,2
"(34.167, -118.3691)",34.167,-118.3691,3
"(34.1649, -118.3603)",34.1649,-118.3603,4
"(34.124, -118.3445)",34.124,-118.3445,1
"(34.1931, -118.4094)",34.1931,-118.4094,3
"(34.1649, -118.4084)",34.1649,-118.4084,3
"(34.202, -118.3921)",34.202,-118.3921,2
"(34.16, -118.3757)",34.16,-118.3757,2
"(34.1468, -118.3644)",34.1468,-118.3644,1
"(34.1813, -118.3877)",34.1813,-118.3877,2
"(34.1523, -118.3691)",34.1523,-118.3691,2
"(34.1611, -118.3706)",34.1611,-118.3706,1
"(34.1567, -118.3834)",34.1567,-118.3834,2
"(34.2085, -118.3943)",34.2085,-118.3943,2
"(34.1382, -118.3917)",34.1382,-118.3917,5
"(34.1813, -118.3845)",34.1813,-118.3845,1
"(34.1577, -118.3561)",34.1577,-118.3561,2
"(34.1687, -118.3604)",34.1687,-118.3604,2
"(34.1588, -118.3746)",34.1588,-118.3746,1
"(34.1963, -118.4063)",34.1963,-118.4063,1
"(34.1794, -118.3615)",34.1794,-118.3615,17
"(34.1468, -118.3663)",34.1468,-118.3663,1
"(34.203, -118.3646)",34.203,-118.3646,2
"(34.1307, -118.4087)",34.1307,-118.4087,2
"(34.129, -118.3669)",34.129,-118.3669,3
"(34.1813, -118.3746)",34.1813,-118.3746,2
"(34.1696, -118.4094)",34.1696,-118.4094,1
"(34.2137, -118.4099)",34.2137,-118.4099,1
"(34.174, -118.379)",34.174,-118.379,3
"(34.1976, -118.3812)",34.1976,-118.3812,2
"(34.1576, -118.3977)",34.1576,-118.3977,4
"(34.1514, -118.3734)",34.1514,-118.3734,3
"(34.1722, -118.3981)",34.1722,-118.3981,3
"(34.1649, -118.4073)",34.1649,-118.4073,2
"(34.1462, -118.3747)",34.1462,-118.3747,1
"(34.1758, -118.4137)",34.1758,-118.4137,3
"(34.1904, -118.3659)",34.1904,-118.3659,3
"(34.1903, -118.403)",34.1903,-118.403,2
"(34.1985, -118.4149)",34.1985,-118.4149,3
"(34.1903, -118.4063)",34.1903,-118.4063,1
"(34.2048, -118.3801)",34.2048,-118.3801,1
"(34.2103, -118.4144)",34.2103,-118.4144,3
"(34.1776, -118.3703)",34.1776,-118.3703,5
"(34.1577, -118.355)",34.1577,-118.355,2
"(34.174, -118.3691)",34.174,-118.3691,2
"(34.1687, -118.3981)",34.1687,-118.3981,3
"(34.1548, -118.3812)",34.1548,-118.3812,1
"(34.1885, -118.4118)",34.1885,-118.4118,1
"(34.1468, -118.3653)",34.1468,-118.3653,4
"(34.154, -118.3855)",34.154,-118.3855,4
"(34.194, -118.4173)",34.194,-118.4173,2
"(34.2048, -118.3627)",34.2048,-118.3627,1
"(34.1767, -118.3834)",34.1767,-118.3834,3
"(34.174, -118.3626)",34.174,-118.3626,1
"(34.1486, -118.4019)",34.1486,-118.4019,2
"(34.1866, -118.4073)",34.1866,-118.4073,1
"(34.1687, -118.4003)",34.1687,-118.4003,4
"(34.1379, -118.3688)",34.1379,-118.3688,3
"(34.1649, -118.3703)",34.1649,-118.3703,2
"(34.1341, -118.3742)",34.1341,-118.3742,2
"(34.1504, -118.3812)",34.1504,-118.3812,2
"(34.1522, -118.3604)",34.1522,-118.3604,5
"(34.2128, -118.4129)",34.2128,-118.4129,1
"(34.1732, -118.379)",34.1732,-118.379,2
"(34.1704, -118.3899)",34.1704,-118.3899,2
"(34.2094, -118.4161)",34.2094,-118.4161,2
"(34.1236, -118.3752)",34.1236,-118.3752,1
"(34.1903, -118.3727)",34.1903,-118.3727,2
"(34.1684, -118.4041)",34.1684,-118.4041,2
"(34.1504, -118.3484)",34.1504,-118.3484,1
"(34.167, -118.3675)",34.167,-118.3675,1
"(34.1785, -118.4117)",34.1785,-118.4117,1
"(34.2067, -118.379)",34.2067,-118.379,2
"(34.2068, -118.4025)",34.2068,-118.4025,1
"(34.1504, -118.3899)",34.1504,-118.3899,3
"(34.153, -118.375)",34.153,-118.375,3
"(34.2117, -118.4209)",34.2117,-118.4209,1
"(34.1687, -118.4094)",34.1687,-118.4094,5
"(34.2048, -118.3779)",34.2048,-118.3779,3
"(34.1958, -118.4181)",34.1958,-118.4181,2
"(34.1687, -118.3982)",34.1687,-118.3982,4
"(34.1429, -118.3812)",34.1429,-118.3812,1
"(34.1486, -118.3768)",34.1486,-118.3768,2
"(34.1683, -118.4124)",34.1683,-118.4124,3
"(34.1985, -118.4126)",34.1985,-118.4126,2
"(34.1481, -118.3653)",34.1481,-118.3653,2
"(34.1429, -118.3703)",34.1429,-118.3703,3
"(34.166, -118.3789)",34.166,-118.3789,2
"(34.1736, -118.3591)",34.1736,-118.3591,1
"(34.174, -118.3866)",34.174,-118.3866,1
"(34.1813, -118.3722)",34.1813,-118.3722,3
"(34.141, -118.4059)",34.141,-118.4059,1
"(34.1566, -118.3734)",34.1566,-118.3734,2
"(34.2056, -118.4025)",34.2056,-118.4025,2
"(34.2026, -118.3635)",34.2026,-118.3635,1
"(34.1866, -118.4084)",34.1866,-118.4084,1
"(34.1366, -118.3567)",34.1366,-118.3567,1
"(34.1794, -118.3746)",34.1794,-118.3746,1
"(34.1831, -118.4102)",34.1831,-118.4102,1
"(34.2076, -118.3922)",34.2076,-118.3922,1
"(34.1667, -118.3604)",34.1667,-118.3604,1
"(34.1649, -118.3851)",34.1649,-118.3851,1
"(34.163, -118.3706)",34.163,-118.3706,2
"(34.1831, -118.3659)",34.1831,-118.3659,1
"(34.155, -118.4052)",34.155,-118.4052,2
"(34.1618, -118.368)",34.1618,-118.368,2
"(34.1613, -118.3593)",34.1613,-118.3593,2
"(34.1306, -118.3866)",34.1306,-118.3866,1
"(34.1354, -118.3452)",34.1354,-118.3452,1
"(34.1424, -118.4052)",34.1424,-118.4052,1
"(34.2174, -118.4139)",34.2174,-118.4139,4
"(34.1649, -118.4008)",34.1649,-118.4008,3
"(34.1774, -118.3615)",34.1774,-118.3615,2
"(34.153, -118.3674)",34.153,-118.3674,1
"(34.1437, -118.3614)",34.1437,-118.3614,1
"(34.17, -118.3719)",34.17,-118.3719,1
"(34.1959, -118.391)",34.1959,-118.391,4
"(34.1649, -118.4064)",34.1649,-118.4064,2
"(34.1831, -118.4084)",34.1831,-118.4084,2
"(34.203, -118.3779)",34.203,-118.3779,2
"(34.1735, -118.358)",34.1735,-118.358,1
"(34.1976, -118.4159)",34.1976,-118.4159,1
"(34.1535, -118.3677)",34.1535,-118.3677,1
"(34.1504, -118.4214)",34.1504,-118.4214,1
"(34.1441, -118.3929)",34.1441,-118.3929,2
"(34.2003, -118.4247)",34.2003,-118.4247,1
"(34.1622, -118.39)",34.1622,-118.39,1
"(34.193, -118.3889)",34.193,-118.3889,1
"(34.1053, -118.324)",34.1053,-118.324,1
"(34.207, -118.4261)",34.207,-118.4261,1
"(34.1391, -118.396)",34.1391,-118.396,2
"(34.1785, -118.3812)",34.1785,-118.3812,2
"(34.1417, -118.3969)",34.1417,-118.3969,2
"(34.1549, -118.3877)",34.1549,-118.3877,2
"(34.1379, -118.3956)",34.1379,-118.3956,1
"(34.1238, -118.347)",34.1238,-118.347,1
"(34.1425, -118.3972)",34.1425,-118.3972,2
"(34.1275, -118.3543)",34.1275,-118.3543,3
"(34.1631, -118.4041)",34.1631,-118.4041,1
"(34.1235, -118.4002)",34.1235,-118.4002,1
"(34.1785, -118.3834)",34.1785,-118.3834,1
"(34.1613, -118.3921)",34.1613,-118.3921,1
"(34.1522, -118.3571)",34.1522,-118.3571,6
"(34.1767, -118.3768)",34.1767,-118.3768,1
"(34.1638, -118.4087)",34.1638,-118.4087,6
"(34.155, -118.4028)",34.155,-118.4028,2
"(34.1382, -118.3626)",34.1382,-118.3626,2
"(34.2026, -118.3845)",34.2026,-118.3845,1
"(34.1375, -118.3847)",34.1375,-118.3847,1
"(34.1534, -118.3615)",34.1534,-118.3615,1
"(34.1649, -118.4063)",34.1649,-118.4063,2
"(34.1504, -118.3801)",34.1504,-118.3801,3
"(34.1929, -118.4208)",34.1929,-118.4208,2
"(34.1813, -118.3834)",34.1813,-118.3834,2
"(34.2158, -118.416)",34.2158,-118.416,2
"(34.1249, -118.3449)",34.1249,-118.3449,1
"(34.1474, -118.355)",34.1474,-118.355,1
"(34.1568, -118.4052)",34.1568,-118.4052,1
"(34.174, -118.3763)",34.174,-118.3763,1
"(34.1414, -118.3917)",34.1414,-118.3917,1
"(34.1873, -118.403)",34.1873,-118.403,2
"(34.1866, -118.4117)",34.1866,-118.4117,2
"(34.2122, -118.4128)",34.2122,-118.4128,1
"(34.1898, -118.4179)",34.1898,-118.4179,1
"(34.164, -118.3943)",34.164,-118.3943,2
"(34.1471, -118.3703)",34.1471,-118.3703,1
"(34.2103, -118.4124)",34.2103,-118.4124,1
"(34.2049, -118.3823)",34.2049,-118.3823,2
"(34.2167, -118.4135)",34.2167,-118.4135,1
"(34.1636, -118.3681)",34.1636,-118.3681,1
"(34.2158, -118.417)",34.2158,-118.417,1
"(34.2097, -118.4217)",34.2097,-118.4217,1
"(34.1683, -118.4084)",34.1683,-118.4084,2
"(34.2048, -118.3905)",34.2048,-118.3905,1
"(34.1348, -118.3671)",34.1348,-118.3671,1
"(34.1994, -118.4006)",34.1994,-118.4006,1
"(34.171, -118.3834)",34.171,-118.3834,1
"(34.1484, -118.3475)",34.1484,-118.3475,1
"(34.191, -118.3692)",34.191,-118.3692,1
"(34.1522, -118.3877)",34.1522,-118.3877,1
"(34.1885, -118.367)",34.1885,-118.367,1
"(34.1794, -118.403)",34.1794,-118.403,1
"(34.1416, -118.4086)",34.1416,-118.4086,2
"(34.1622, -118.4094)",34.1622,-118.4094,1
"(34.2189, -118.4217)",34.2189,-118.4217,1
"(34.1486, -118.4008)",34.1486,-118.4008,1
"(34.1722, -118.3637)",34.1722,-118.3637,3
"(34.124, -118.347)",34.124,-118.347,1
"(34.1317, -118.3806)",34.1317,-118.3806,1
"(34.1758, -118.362)",34.1758,-118.362,2
"(34.1455, -118.3866)",34.1455,-118.3866,1
"(34.2002, -118.4256)",34.2002,-118.4256,1
"(34.1591, -118.3521)",34.1591,-118.3521,1
"(34.1504, -118.356)",34.1504,-118.356,1
"(34.1713, -118.3822)",34.1713,-118.3822,1
"(34.1705, -118.3822)",34.1705,-118.3822,3
"(34.1704, -118.4111)",34.1704,-118.4111,2
"(34.154, -118.3648)",34.154,-118.3648,2
"(34.1577, -118.3515)",34.1577,-118.3515,1
"(34.1687, -118.3686)",34.1687,-118.3686,1
"(34.1504, -118.3921)",34.1504,-118.3921,2
"(34.1459, -118.3656)",34.1459,-118.3656,1
"(34.1536, -118.3755)",34.1536,-118.3755,2
"(34.1387, -118.3818)",34.1387,-118.3818,1
"(34.1577, -118.3757)",34.1577,-118.3757,4
"(34.1811, -118.3965)",34.1811,-118.3965,1
"(34.1586, -118.3877)",34.1586,-118.3877,1
"(34.1687, -118.3594)",34.1687,-118.3594,1
"(34.1475, -118.3921)",34.1475,-118.3921,1
"(34.1468, -118.4041)",34.1468,-118.4041,1
"(34.1759, -118.3583)",34.1759,-118.3583,1
"(34.1849, -118.4128)",34.1849,-118.4128,1
"(34.1803, -118.4105)",34.1803,-118.4105,2
"(34.1758, -118.3637)",34.1758,-118.3637,2
"(34.2127, -118.4168)",34.2127,-118.4168,1
"(34.1749, -118.4094)",34.1749,-118.4094,2
"(34.1776, -118.3746)",34.1776,-118.3746,4
"(34.2182, -118.4174)",34.2182,-118.4174,1
"(34.1306, -118.3716)",34.1306,-118.3716,2
"(34.1876, -118.3834)",34.1876,-118.3834,1
"(34.1372, -118.4008)",34.1372,-118.4008,1
"(34.1831, -118.3846)",34.1831,-118.3846,1
"(34.2181, -118.4121)",34.2181,-118.4121,1
"(34.2073, -118.3989)",34.2073,-118.3989,1
"(34.1949, -118.4063)",34.1949,-118.4063,2
"(34.1608, -118.3745)",34.1608,-118.3745,3
"(34.1631, -118.4008)",34.1631,-118.4008,2
"(34.1598, -118.3746)",34.1598,-118.3746,1
"(34.1831, -118.391)",34.1831,-118.391,1
"(34.2055, -118.4138)",34.2055,-118.4138,1
"(34.1406, -118.4137)",34.1406,-118.4137,4
"(34.195, -118.4165)",34.195,-118.4165,2
"(34.2087, -118.4101)",34.2087,-118.4101,1
"(34.159, -118.3659)",34.159,-118.3659,1
"(34.2012, -118.416)",34.2012,-118.416,1
"(34.1379, -118.3628)",34.1379,-118.3628,1
"(34.1745, -118.4019)",34.1745,-118.4019,1
"(34.1504, -118.4171)",34.1504,-118.4171,2
"(34.2115, -118.4117)",34.2115,-118.4117,1
"(34.1392, -118.4135)",34.1392,-118.4135,1
"(34.18, -118.3589)",34.18,-118.3589,1
"(34.1333, -118.3696)",34.1333,-118.3696,1
"(34.154, -118.4063)",34.154,-118.4063,1
"(34.1731, -118.4134)",34.1731,-118.4134,1
"(34.1196, -118.3527)",34.1196,-118.3527,1
"(34.2088, -118.4092)",34.2088,-118.4092,1
"(34.1472, -118.3747)",34.1472,-118.3747,1
"(34.1899, -118.4188)",34.1899,-118.4188,1
"(34.123, -118.3467)",34.123,-118.3467,1
"(34.1687, -118.3646)",34.1687,-118.3646,1
"(34.1722, -118.3987)",34.1722,-118.3987,2
"(34.1372, -118.364)",34.1372,-118.364,2
"(34.2174, -118.4189)",34.2174,-118.4189,1
"(34.2012, -118.3855)",34.2012,-118.3855,3
"(34.1576, -118.3997)",34.1576,-118.3997,2
"(34.1763, -118.3943)",34.1763,-118.3943,1
"(34.1794, -118.3649)",34.1794,-118.3649,2
"(34.2137, -118.4144)",34.2137,-118.4144,1
"(34.2095, -118.4208)",34.2095,-118.4208,2
"(34.1479, -118.3867)",34.1479,-118.3867,1
"(34.1976, -118.4193)",34.1976,-118.4193,3
"(34.1381, -118.3879)",34.1381,-118.3879,2
"(34.1525, -118.3171)",34.1525,-118.3171,2
"(34.1849, -118.391)",34.1849,-118.391,1
"(34.1622, -118.3877)",34.1622,-118.3877,2
"(34.1885, -118.4127)",34.1885,-118.4127,1
"(34.1268, -118.3523)",34.1268,-118.3523,2
"(34.174, -118.3719)",34.174,-118.3719,1
"(34.1467, -118.3976)",34.1467,-118.3976,3
"(34.1264, -118.3768)",34.1264,-118.3768,2
"(34.1867, -118.3851)",34.1867,-118.3851,1
"(34.1276, -118.3509)",34.1276,-118.3509,1
"(34.1223, -118.3563)",34.1223,-118.3563,2
"(34.1337, -118.3904)",34.1337,-118.3904,2
"(34.2085, -118.4002)",34.2085,-118.4002,1
"(34.2012, -118.3911)",34.2012,-118.3911,1
"(34.1234, -118.3448)",34.1234,-118.3448,2
"(34.1486, -118.3921)",34.1486,-118.3921,2
"(34.1959, -118.3943)",34.1959,-118.3943,4
"(34.1705, -118.3571)",34.1705,-118.3571,1
"(34.1931, -118.4127)",34.1931,-118.4127,1
"(34.1354, -118.3451)",34.1354,-118.3451,1
"(34.1613, -118.3855)",34.1613,-118.3855,1
"(34.1683, -118.4094)",34.1683,-118.4094,3
"(34.2048, -118.3692)",34.2048,-118.3692,2
"(34.1276, -118.3902)",34.1276,-118.3902,2
"(34.1858, -118.3859)",34.1858,-118.3859,2
"(34.1468, -118.4073)",34.1468,-118.4073,1
"(34.1493, -118.4181)",34.1493,-118.4181,1
"(34.1368, -118.3863)",34.1368,-118.3863,1
"(34.1867, -118.36)",34.1867,-118.36,1
"(34.1416, -118.4031)",34.1416,-118.4031,1
"(34.191, -118.4148)",34.191,-118.4148,1
"(34.1687, -118.399)",34.1687,-118.399,1
"(34.1504, -118.4181)",34.1504,-118.4181,1
"(34.1722, -118.3954)",34.1722,-118.3954,3
"(34.2049, -118.3943)",34.2049,-118.3943,1
"(34.1776, -118.3659)",34.1776,-118.3659,1
"(34.1831, -118.3823)",34.1831,-118.3823,2
"(34.1831, -118.3722)",34.1831,-118.3722,1
"(34.1712, -118.4052)",34.1712,-118.4052,1
"(34.1481, -118.3746)",34.1481,-118.3746,1
"(34.1774, -118.3999)",34.1774,-118.3999,1
"(34.1504, -118.3866)",34.1504,-118.3866,1
"(34.1758, -118.4073)",34.1758,-118.4073,1
"(34.1613, -118.4052)",34.1613,-118.4052,2
"(34.194, -118.3731)",34.194,-118.3731,2
"(34.209, -118.4177)",34.209,-118.4177,2
"(34.1903, -118.3845)",34.1903,-118.3845,4
"(34.1831, -118.403)",34.1831,-118.403,1
"(34.1386, -118.3806)",34.1386,-118.3806,2
"(34.1541, -118.379)",34.1541,-118.379,1
"(34.2183, -118.4144)",34.2183,-118.4144,1
"(34.1504, -118.4192)",34.1504,-118.4192,2
"(34.1958, -118.4126)",34.1958,-118.4126,1
"(34.1668, -118.4052)",34.1668,-118.4052,2
"(34.1533, -118.3677)",34.1533,-118.3677,2
"(34.2169, -118.4155)",34.2169,-118.4155,1
"(34.1439, -118.3979)",34.1439,-118.3979,1
"(34.1918, -118.3716)",34.1918,-118.3716,1
"(34.1496, -118.3658)",34.1496,-118.3658,3
"(34.1531, -118.3615)",34.1531,-118.3615,1
"(34.154, -118.3571)",34.154,-118.3571,1
"(34.1722, -118.3771)",34.1722,-118.3771,1
"(34.2003, -118.4235)",34.2003,-118.4235,1
"(34.2067, -118.3845)",34.2067,-118.3845,4
"(34.1377, -118.3628)",34.1377,-118.3628,1
"(34.1697, -118.3834)",34.1697,-118.3834,1
"(34.1867, -118.372)",34.1867,-118.372,1
"(34.1886, -118.4041)",34.1886,-118.4041,2
"(34.2108, -118.4096)",34.2108,-118.4096,1
"(34.191, -118.4119)",34.191,-118.4119,2
"(34.1667, -118.3916)",34.1667,-118.3916,1
"(34.194, -118.3801)",34.194,-118.3801,3
"(34.2158, -118.4112)",34.2158,-118.4112,1
"(34.134, -118.3454)",34.134,-118.3454,1
"(34.2078, -118.4204)",34.2078,-118.4204,1
"(34.1577, -118.3763)",34.1577,-118.3763,2
"(34.1758, -118.3833)",34.1758,-118.3833,1
"(34.1577, -118.3637)",34.1577,-118.3637,1
"(34.1549, -118.3834)",34.1549,-118.3834,1
"(34.1522, -118.4138)",34.1522,-118.4138,1
"(34.1601, -118.3717)",34.1601,-118.3717,1
"(34.1333, -118.3438)",34.1333,-118.3438,1
"(34.1885, -118.3943)",34.1885,-118.3943,3
"(34.1849, -118.412)",34.1849,-118.412,2
"(34.1594, -118.4077)",34.1594,-118.4077,1
"(34.2054, -118.3965)",34.2054,-118.3965,1
"(34.1869, -118.4063)",34.1869,-118.4063,1
"(34.1687, -118.4139)",34.1687,-118.4139,1
"(34.1378, -118.3703)",34.1378,-118.3703,1
"(34.1985, -118.4073)",34.1985,-118.4073,1
"(34.1522, -118.3987)",34.1522,-118.3987,1
"(34.1545, -118.3734)",34.1545,-118.3734,1
"(34.1595, -118.3877)",34.1595,-118.3877,1
"(34.2048, -118.367)",34.2048,-118.367,2
"(34.1504, -118.4062)",34.1504,-118.4062,4
"(34.1649, -118.3683)",34.1649,-118.3683,1
"(34.2048, -118.3649)",34.2048,-118.3649,1
"(34.1762, -118.3897)",34.1762,-118.3897,1
"(34.1342, -118.3454)",34.1342,-118.3454,1
"(34.2143, -118.4227)",34.2143,-118.4227,1
"(34.1201, -118.3474)",34.1201,-118.3474,1
"(34.1577, -118.3626)",34.1577,-118.3626,1
"(34.1613, -118.3932)",34.1613,-118.3932,1
"(34.1687, -118.3626)",34.1687,-118.3626,1
"(34.1504, -118.4019)",34.1504,-118.4019,3
"(34.1924, -118.4119)",34.1924,-118.4119,1
"(34.1631, -118.4115)",34.1631,-118.4115,1
"(34.1758, -118.3844)",34.1758,-118.3844,1
"(34.1659, -118.3774)",34.1659,-118.3774,1
"(34.1468, -118.3772)",34.1468,-118.3772,1
"(34.1927, -118.3746)",34.1927,-118.3746,1
"(34.1468, -118.4008)",34.1468,-118.4008,1
"(34.2097, -118.4086)",34.2097,-118.4086,1
"(34.194, -118.3714)",34.194,-118.3714,3
"(34.1331, -118.344)",34.1331,-118.344,1
"(34.1924, -118.4172)",34.1924,-118.4172,1
"(34.1433, -118.403)",34.1433,-118.403,1
"(34.1301, -118.3975)",34.1301,-118.3975,2
"(34.1467, -118.4008)",34.1467,-118.4008,1
"(34.2081, -118.4023)",34.2081,-118.4023,2
"(34.2003, -118.4203)",34.2003,-118.4203,1
"(34.1779, -118.3615)",34.1779,-118.3615,1
"(34.1831, -118.3888)",34.1831,-118.3888,1
"(34.1904, -118.4099)",34.1904,-118.4099,2
"(34.1504, -118.3834)",34.1504,-118.3834,1
"(34.1613, -118.3648)",34.1613,-118.3648,2
"(34.1595, -118.3626)",34.1595,-118.3626,1
"(34.1268, -118.3768)",34.1268,-118.3768,1
"(34.1794, -118.3663)",34.1794,-118.3663,1
"(34.1661, -118.3552)",34.1661,-118.3552,1
"(34.2096, -118.4176)",34.2096,-118.4176,1
"(34.2178, -118.4309)",34.2178,-118.4309,1
"(34.1604, -118.3855)",34.1604,-118.3855,1
"(34.1285, -118.3813)",34.1285,-118.3813,1
"(34.1831, -118.3768)",34.1831,-118.3768,1
"(34.1479, -118.3593)",34.1479,-118.3593,1
"(34.195, -118.4181)",34.195,-118.4181,1
"(34.1613, -118.4105)",34.1613,-118.4105,1
"(34.1283, -118.3746)",34.1283,-118.3746,1
"(34.1886, -118.3801)",34.1886,-118.3801,3
"(34.1559, -118.3528)",34.1559,-118.3528,1
"(34.1486, -118.4073)",34.1486,-118.4073,1
"(34.1322, -118.3685)",34.1322,-118.3685,1
"(34.1585, -118.3593)",34.1585,-118.3593,1
"(34.1684, -118.4003)",34.1684,-118.4003,1
"(34.1689, -118.3564)",34.1689,-118.3564,1
"(34.1763, -118.4031)",34.1763,-118.4031,1
"(34.1431, -118.3638)",34.1431,-118.3638,1
"(34.2075, -118.4084)",34.2075,-118.4084,1
"(34.1903, -118.3812)",34.1903,-118.3812,1
"(34.1371, -118.4062)",34.1371,-118.4062,1
"(34.1985, -118.4116)",34.1985,-118.4116,1
"(34.1749, -118.4052)",34.1749,-118.4052,2
"(34.1767, -118.4052)",34.1767,-118.4052,2
"(34.1921, -118.3954)",34.1921,-118.3954,1
"(34.1831, -118.4128)",34.1831,-118.4128,1
"(34.1903, -118.3856)",34.1903,-118.3856,2
"(34.1203, -118.3485)",34.1203,-118.3485,1
"(34.1448, -118.3926)",34.1448,-118.3926,1
"(34.1758, -118.3855)",34.1758,-118.3855,1
"(34.1923, -118.4189)",34.1923,-118.4189,1
"(34.1885, -118.3987)",34.1885,-118.3987,2
"(34.2085, -118.391)",34.2085,-118.391,2
"(34.1504, -118.3681)",34.1504,-118.3681,1
"(34.1794, -118.3975)",34.1794,-118.3975,2
"(34.1393, -118.4094)",34.1393,-118.4094,1
"(34.1594, -118.3943)",34.1594,-118.3943,1
"(34.1404, -118.3894)",34.1404,-118.3894,1
"(34.1478, -118.379)",34.1478,-118.379,1
"(34.1557, -118.3648)",34.1557,-118.3648,1
"(34.17, -118.3583)",34.17,-118.3583,1
"(34.131, -118.3529)",34.131,-118.3529,1
"(34.1613, -118.3604)",34.1613,-118.3604,1
"(34.1704, -118.3987)",34.1704,-118.3987,1
"(34.2003, -118.4126)",34.2003,-118.4126,1
"(34.1521, -118.3769)",34.1521,-118.3769,2
"(34.1791, -118.3659)",34.1791,-118.3659,2
"(34.1594, -118.4008)",34.1594,-118.4008,1
"(34.1866, -118.4102)",34.1866,-118.4102,1
"(34.1903, -118.3866)",34.1903,-118.3866,2
"(34.1976, -118.4008)",34.1976,-118.4008,2
"(34.1849, -118.3977)",34.1849,-118.3977,1
"(34.1758, -118.3659)",34.1758,-118.3659,1
"(34.2085, -118.3682)",34.2085,-118.3682,1
"(34.1229, -118.3463)",34.1229,-118.3463,1
"(34.1924, -118.4148)",34.1924,-118.4148,1
"(34.2076, -118.3769)",34.2076,-118.3769,1
"(34.1549, -118.39)",34.1549,-118.39,2
"(34.2049, -118.3845)",34.2049,-118.3845,1
"(34.174, -118.3833)",34.174,-118.3833,1
"(34.1758, -118.4094)",34.1758,-118.4094,2
"(34.166, -118.3714)",34.166,-118.3714,1
"(34.1897, -118.4099)",34.1897,-118.4099,1
"(34.1831, -118.4008)",34.1831,-118.4008,1
"(34.1784, -118.4031)",34.1784,-118.4031,1
"(34.1209, -118.344)",34.1209,-118.344,2
"(34.1722, -118.3681)",34.1722,-118.3681,1
"(34.1994, -118.4105)",34.1994,-118.4105,1
"(34.1479, -118.3571)",34.1479,-118.3571,1
"(34.213, -118.4189)",34.213,-118.4189,1
"(34.1885, -118.3768)",34.1885,-118.3768,1
"(34.154, -118.407)",34.154,-118.407,1
"(34.2199, -118.4123)",34.2199,-118.4123,1
"(34.1587, -118.3808)",34.1587,-118.3808,2
"(34.2085, -118.3866)",34.2085,-118.3866,1
"(34.1687, -118.3822)",34.1687,-118.3822,1
"(34.1704, -118.3877)",34.1704,-118.3877,3
"(34.1813, -118.3659)",34.1813,-118.3659,1
"(34.1952, -118.3864)",34.1952,-118.3864,1
"(34.1468, -118.3822)",34.1468,-118.3822,1
"(34.2199, -118.4107)",34.2199,-118.4107,1
"(34.2012, -118.3823)",34.2012,-118.3823,1
"(34.1683, -118.4073)",34.1683,-118.4073,1
"(34.2067, -118.4225)",34.2067,-118.4225,1
"(34.1721, -118.4181)",34.1721,-118.4181,1
"(34.1831, -118.3921)",34.1831,-118.3921,2
"(34.1667, -118.3992)",34.1667,-118.3992,2
"(34.1472, -118.3768)",34.1472,-118.3768,1
"(34.1493, -118.4201)",34.1493,-118.4201,1
"(34.1282, -118.347)",34.1282,-118.347,1
"(34.1917, -118.4119)",34.1917,-118.4119,1
"(34.1577, -118.3796)",34.1577,-118.3796,1
"(34.1903, -118.3889)",34.1903,-118.3889,1
"(34.1216, -118.3452)",34.1216,-118.3452,1
"(34.1522, -118.3539)",34.1522,-118.3539,1
"(34.1924, -118.4094)",34.1924,-118.4094,1
"(34.1504, -118.4312)",34.1504,-118.4312,1
"(34.1917, -118.4167)",34.1917,-118.4167,1
"(34.2138, -118.4206)",34.2138,-118.4206,1
"(34.1504, -118.3604)",34.1504,-118.3604,1
"(34.1631, -118.3877)",34.1631,-118.3877,1
"(34.1731, -118.4052)",34.1731,-118.4052,1
"(34.1595, -118.3828)",34.1595,-118.3828,1
"(34.1745, -118.3604)",34.1745,-118.3604,1
"(34.1687, -118.379)",34.1687,-118.379,2
"(34.1849, -118.3943)",34.1849,-118.3943,1
"(34.1232, -118.3569)",34.1232,-118.3569,1
"(34.2023, -118.3681)",34.2023,-118.3681,1
"(34.2056, -118.4002)",34.2056,-118.4002,1
"(34.1676, -118.3583)",34.1676,-118.3583,1
"(34.1904, -118.4092)",34.1904,-118.4092,1
"(34.1512, -118.3615)",34.1512,-118.3615,1
"(34.1994, -118.4214)",34.1994,-118.4214,1
"(34.2171, -118.4104)",34.2171,-118.4104,1
"(34.1224, -118.346)",34.1224,-118.346,1
"(34.1399, -118.3653)",34.1399,-118.3653,1
"(34.1904, -118.3997)",34.1904,-118.3997,1
"(34.1462, -118.3706)",34.1462,-118.3706,1
"(34.218, -118.4217)",34.218,-118.4217,1
"(34.1595, -118.3571)",34.1595,-118.3571,1
"(34.1958, -118.4105)",34.1958,-118.4105,1
"(34.2051, -118.4247)",34.2051,-118.4247,1
"(34.1215, -118.3855)",34.1215,-118.3855,1
"(34.2191, -118.4133)",34.2191,-118.4133,1
